#
# A fatal error has been detected by the Java Runtime Environment:
#
#  Internal Error (concurrentHashTable.inline.hpp:678), pid=4348, tid=26627
#  fatal error: aux_index does not match even or odd indices
#
# JRE version: OpenJDK Runtime Environment Homebrew (17.0.19) (build 17.0.19+0)
# Java VM: OpenJDK 64-Bit Server VM Homebrew (17.0.19+0, mixed mode, emulated-client, sharing, tiered, compressed oops, compressed class ptrs, g1 gc, bsd-amd64)
# No core dump will be written. Core dumps have been disabled. To enable core dumping, try "ulimit -c unlimited" before starting Java again
#
# If you would like to submit a bug report, please visit:
#   https://github.com/Homebrew/homebrew-core/issues
#

---------------  S U M M A R Y ------------

Command Line: -XX:TieredStopAtLevel=1 com.upeu.hotel.cliente.ClienteApplication

Host: "MacBookPro16,1" x86_64 2600 MHz, 12 cores, 16G, Darwin 25.4.0, macOS 26.4.1 (25E253)
Time: Thu Jun  4 01:16:42 2026 -05 elapsed time: 339.572463 seconds (0d 0h 5m 39s)

---------------  T H R E A D  ---------------

Current thread (0x00007fdad380d600):  JavaThread "Service Thread" daemon [_thread_in_vm, id=26627, stack(0x0000700004927000,0x0000700004a27000)]

Stack: [0x0000700004927000,0x0000700004a27000],  sp=0x0000700004a268d0,  free space=1022k
Native frames: (J=compiled Java code, j=interpreted, Vv=VM code, C=native code)
V  [libjvm.dylib+0x7c2690]  VMError::report_and_die(int, char const*, char const*, __va_list_tag*, Thread*, unsigned char*, void*, void*, char const*, int, unsigned long)+0x62e
V  [libjvm.dylib+0x253023]  report_fatal(VMErrorType, char const*, int, char const*, ...)+0xf1
V  [libjvm.dylib+0x738eac]  ConcurrentHashTable<SymbolTableConfig, (MEMFLAGS)10>::unzip_bucket(Thread*, ConcurrentHashTable<SymbolTableConfig, (MEMFLAGS)10>::InternalTable*, ConcurrentHashTable<SymbolTableConfig, (MEMFLAGS)10>::InternalTable*, unsigned long, unsigned long)+0x10a
V  [libjvm.dylib+0x738d5e]  ConcurrentHashTable<SymbolTableConfig, (MEMFLAGS)10>::internal_grow_range(Thread*, unsigned long, unsigned long)+0xc0
V  [libjvm.dylib+0x737995]  ConcurrentHashTable<SymbolTableConfig, (MEMFLAGS)10>::GrowTask::do_task(Thread*)+0x39
V  [libjvm.dylib+0x737856]  SymbolTable::grow(JavaThread*)+0x10a
V  [libjvm.dylib+0x737cff]  SymbolTable::do_concurrent_work(JavaThread*)+0x91
V  [libjvm.dylib+0x67f283]  ServiceThread::service_thread_entry(JavaThread*, JavaThread*)+0x255
V  [libjvm.dylib+0x776fc0]  JavaThread::thread_main_inner()+0xc0
V  [libjvm.dylib+0x776eb7]  JavaThread::run()+0x16d
V  [libjvm.dylib+0x775bd5]  Thread::call_run()+0x71
V  [libjvm.dylib+0x61b411]  thread_native_entry(Thread*)+0xc3
C  [libsystem_pthread.dylib+0x5d49]  _pthread_start+0x73
C  [libsystem_pthread.dylib+0x182f]  thread_start+0xf


---------------  P R O C E S S  ---------------

Threads class SMR info:
_java_thread_list=0x00007fdadb621da0, length=36, elements={
0x00007fdad5008200, 0x00007fdad8808a00, 0x00007fdad880da00, 0x00007fdad380d600,
0x00007fdada008c00, 0x00007fdad380dc00, 0x00007fdada009200, 0x00007fdad6009600,
0x00007fdada009800, 0x00007fdad6939e00, 0x00007fdad693cc00, 0x00007fdad484bc00,
0x00007fdad88b2400, 0x00007fdad5187600, 0x00007fdad88cce00, 0x00007fdad512ce00,
0x00007fdad5195a00, 0x00007fdada109400, 0x00007fdad7839400, 0x00007fdad305b600,
0x00007fdad8941800, 0x00007fdad991aa00, 0x00007fdad88cd400, 0x00007fdad79b9000,
0x00007fdad991b000, 0x00007fdad79b9600, 0x00007fdad88cda00, 0x00007fdad38d5e00,
0x00007fdad5196000, 0x00007fdad38d4a00, 0x00007fdad6980800, 0x00007fdad6982200,
0x00007fdad79b9c00, 0x00007fdad6980e00, 0x00007fdad20fea00, 0x00007fdad41f8e00
}

Java Threads: ( => current thread )
  0x00007fdad5008200 JavaThread "Reference Handler" daemon [_thread_blocked, id=31235, stack(0x0000700004518000,0x0000700004618000)]
  0x00007fdad8808a00 JavaThread "Finalizer" daemon [_thread_blocked, id=23555, stack(0x000070000461b000,0x000070000471b000)]
  0x00007fdad880da00 JavaThread "Signal Dispatcher" daemon [_thread_blocked, id=30467, stack(0x0000700004824000,0x0000700004924000)]
=>0x00007fdad380d600 JavaThread "Service Thread" daemon [_thread_in_vm, id=26627, stack(0x0000700004927000,0x0000700004a27000)]
  0x00007fdada008c00 JavaThread "Monitor Deflation Thread" daemon [_thread_blocked, id=29955, stack(0x0000700004a2a000,0x0000700004b2a000)]
  0x00007fdad380dc00 JavaThread "C1 CompilerThread0" daemon [_thread_blocked, id=29443, stack(0x0000700004b2d000,0x0000700004c2d000)]
  0x00007fdada009200 JavaThread "Sweeper thread" daemon [_thread_blocked, id=27395, stack(0x0000700004c30000,0x0000700004d30000)]
  0x00007fdad6009600 JavaThread "Notification Thread" daemon [_thread_blocked, id=27907, stack(0x0000700004d33000,0x0000700004e33000)]
  0x00007fdada009800 JavaThread "Common-Cleaner" daemon [_thread_blocked, id=28931, stack(0x0000700004f39000,0x0000700005039000)]
  0x00007fdad6939e00 JavaThread "Catalina-utility-1" [_thread_blocked, id=25103, stack(0x0000700005f69000,0x0000700006069000)]
  0x00007fdad693cc00 JavaThread "Catalina-utility-2" [_thread_blocked, id=39939, stack(0x000070000606c000,0x000070000616c000)]
  0x00007fdad484bc00 JavaThread "container-0" [_thread_blocked, id=39427, stack(0x000070000616f000,0x000070000626f000)]
  0x00007fdad88b2400 JavaThread "mysql-cj-abandoned-connection-cleanup" daemon [_thread_blocked, id=38915, stack(0x0000700006272000,0x0000700006372000)]
  0x00007fdad5187600 JavaThread "HikariPool-1:housekeeper" daemon [_thread_blocked, id=38659, stack(0x0000700006375000,0x0000700006475000)]
  0x00007fdad88cce00 JavaThread "File Watcher" daemon [_thread_blocked, id=38155, stack(0x0000700006478000,0x0000700006578000)]
  0x00007fdad512ce00 JavaThread "spectator-gauge-polling-0" daemon [_thread_blocked, id=65283, stack(0x000070000667e000,0x000070000677e000)]
  0x00007fdad5195a00 JavaThread "AsyncResolver-bootstrap-%d" daemon [_thread_blocked, id=64771, stack(0x0000700006781000,0x0000700006881000)]
  0x00007fdada109400 JavaThread "DiscoveryClient-%d" daemon [_thread_blocked, id=64259, stack(0x0000700006884000,0x0000700006984000)]
  0x00007fdad7839400 JavaThread "DiscoveryClient-%d" daemon [_thread_blocked, id=44291, stack(0x0000700006987000,0x0000700006a87000)]
  0x00007fdad305b600 JavaThread "DiscoveryClient-InstanceInfoReplicator-%d" daemon [_thread_blocked, id=63747, stack(0x0000700006a8a000,0x0000700006b8a000)]
  0x00007fdad8941800 JavaThread "http-nio-9092-exec-1" daemon [_thread_blocked, id=44803, stack(0x0000700006b8d000,0x0000700006c8d000)]
  0x00007fdad991aa00 JavaThread "http-nio-9092-exec-2" daemon [_thread_blocked, id=63235, stack(0x0000700006c90000,0x0000700006d90000)]
  0x00007fdad88cd400 JavaThread "http-nio-9092-exec-3" daemon [_thread_blocked, id=45315, stack(0x0000700006d93000,0x0000700006e93000)]
  0x00007fdad79b9000 JavaThread "http-nio-9092-exec-4" daemon [_thread_blocked, id=62723, stack(0x0000700006e96000,0x0000700006f96000)]
  0x00007fdad991b000 JavaThread "http-nio-9092-exec-5" daemon [_thread_blocked, id=62467, stack(0x0000700006f99000,0x0000700007099000)]
  0x00007fdad79b9600 JavaThread "http-nio-9092-exec-6" daemon [_thread_blocked, id=46083, stack(0x000070000709c000,0x000070000719c000)]
  0x00007fdad88cda00 JavaThread "http-nio-9092-exec-7" daemon [_thread_blocked, id=62211, stack(0x000070000719f000,0x000070000729f000)]
  0x00007fdad38d5e00 JavaThread "http-nio-9092-exec-8" daemon [_thread_blocked, id=61699, stack(0x00007000072a2000,0x00007000073a2000)]
  0x00007fdad5196000 JavaThread "http-nio-9092-exec-9" daemon [_thread_blocked, id=46595, stack(0x00007000073a5000,0x00007000074a5000)]
  0x00007fdad38d4a00 JavaThread "http-nio-9092-exec-10" daemon [_thread_blocked, id=46851, stack(0x00007000074a8000,0x00007000075a8000)]
  0x00007fdad6980800 JavaThread "http-nio-9092-Poller" daemon [_thread_in_native, id=47363, stack(0x00007000075ab000,0x00007000076ab000)]
  0x00007fdad6982200 JavaThread "http-nio-9092-Acceptor" daemon [_thread_in_native, id=60675, stack(0x00007000076ae000,0x00007000077ae000)]
  0x00007fdad79b9c00 JavaThread "DestroyJavaVM" [_thread_blocked, id=8707, stack(0x0000700003e03000,0x0000700003f03000)]
  0x00007fdad6980e00 JavaThread "DiscoveryClient-HeartbeatExecutor-%d" daemon [_thread_blocked, id=35363, stack(0x000070000554b000,0x000070000564b000)]
  0x00007fdad20fea00 JavaThread "DiscoveryClient-CacheRefreshExecutor-%d" daemon [_thread_blocked, id=42247, stack(0x000070000564e000,0x000070000574e000)]
  0x00007fdad41f8e00 JavaThread "AsyncResolver-bootstrap-executor-%d" daemon [_thread_blocked, id=42083, stack(0x0000700005751000,0x0000700005851000)]

Other Threads:
  0x00007fdad2911130 VMThread "VM Thread" [stack: 0x0000700004415000,0x0000700004515000] [id=17667]
  0x00007fdad1f356d0 WatcherThread [stack: 0x0000700004e36000,0x0000700004f36000] [id=28419]
  0x00007fdad2907ee0 GCTaskThread "GC Thread#0" [stack: 0x0000700003f06000,0x0000700004006000] [id=12035]
  0x00007fdad9012120 GCTaskThread "GC Thread#1" [stack: 0x000070000503c000,0x000070000513c000] [id=32771]
  0x00007fdad2a16890 GCTaskThread "GC Thread#2" [stack: 0x000070000513f000,0x000070000523f000] [id=43267]
  0x00007fdad2a17190 GCTaskThread "GC Thread#3" [stack: 0x0000700005242000,0x0000700005342000] [id=43011]
  0x00007fdad5816a80 GCTaskThread "GC Thread#4" [stack: 0x0000700005345000,0x0000700005445000] [id=42499]
  0x00007fdad2d17940 GCTaskThread "GC Thread#5" [stack: 0x0000700005448000,0x0000700005548000] [id=33795]
  0x00007fdad2e9b320 GCTaskThread "GC Thread#6" [stack: 0x0000700005957000,0x0000700005a57000] [id=35859]
  0x00007fdad2e9bae0 GCTaskThread "GC Thread#7" [stack: 0x0000700005a5a000,0x0000700005b5a000] [id=36099]
  0x00007fdad1ff0020 GCTaskThread "GC Thread#8" [stack: 0x0000700005b5d000,0x0000700005c5d000] [id=40963]
  0x00007fdad1ff0980 GCTaskThread "GC Thread#9" [stack: 0x0000700005c60000,0x0000700005d60000] [id=36611]
  0x00007fdad2908d80 ConcurrentGCThread "G1 Main Marker" [stack: 0x0000700004009000,0x0000700004109000] [id=13315]
  0x00007fdad5804080 ConcurrentGCThread "G1 Conc#0" [stack: 0x000070000410c000,0x000070000420c000] [id=12803]
  0x00007fdad2b779b0 ConcurrentGCThread "G1 Conc#1" [stack: 0x0000700005d63000,0x0000700005e63000] [id=36867]
  0x00007fdad2d45e10 ConcurrentGCThread "G1 Conc#2" [stack: 0x0000700005e66000,0x0000700005f66000] [id=37123]
  0x00007fdad1f2d350 ConcurrentGCThread "G1 Refine#0" [stack: 0x000070000420f000,0x000070000430f000] [id=16899]
  0x00007fdad1f2e080 ConcurrentGCThread "G1 Service" [stack: 0x0000700004312000,0x0000700004412000] [id=21251]

Threads with active compile tasks:

VM state: not at safepoint (normal execution)

VM Mutex/Monitor currently owned by a thread: None

Heap address: 0x0000000700000000, size: 4096 MB, Compressed Oops mode: Zero based, Oop shift amount: 3

CDS archive(s) mapped at: [0x000000012c000000-0x000000012cbbe000-0x000000012cbbe000), size 12312576, SharedBaseAddress: 0x000000012c000000, ArchiveRelocationMode: 1.
Compressed class space mapped at: 0x000000012d000000-0x000000016d000000, reserved size: 1073741824
Narrow klass base: 0x000000012c000000, Narrow klass shift: 0, Narrow klass range: 0x100000000

GC Precious Log:
 CPUs: 12 total, 12 available
 Memory: 16384M
 Large Page Support: Disabled
 NUMA Support: Disabled
 Compressed Oops: Enabled (Zero based)
 Heap Region Size: 2M
 Heap Min Capacity: 8M
 Heap Initial Capacity: 256M
 Heap Max Capacity: 4G
 Pre-touch: Disabled
 Parallel Workers: 10
 Concurrent Workers: 3
 Concurrent Refinement Workers: 10
 Periodic GC: Disabled

Heap:
 garbage-first heap   total 118784K, used 61593K [0x0000000700000000, 0x0000000800000000)
  region size 2048K, 3 young (6144K), 2 survivors (4096K)
 Metaspace       used 95557K, committed 96640K, reserved 1179648K
  class space    used 14357K, committed 14784K, reserved 1048576K

Heap Regions: E=young(eden), S=young(survivor), O=old, HS=humongous(starts), HC=humongous(continues), CS=collection set, F=free, OA=open archive, CA=closed archive, TAMS=top-at-mark-start (previous, next)
|   0|0x0000000700000000, 0x0000000700200000, 0x0000000700200000|100%| O|  |TAMS 0x0000000700200000, 0x0000000700000000| Untracked 
|   1|0x0000000700200000, 0x0000000700400000, 0x0000000700400000|100%| O|  |TAMS 0x0000000700400000, 0x0000000700200000| Untracked 
|   2|0x0000000700400000, 0x0000000700600000, 0x0000000700600000|100%| O|  |TAMS 0x0000000700600000, 0x0000000700400000| Complete 
|   3|0x0000000700600000, 0x0000000700800000, 0x0000000700800000|100%| O|  |TAMS 0x0000000700800000, 0x0000000700600000| Untracked 
|   4|0x0000000700800000, 0x0000000700a00000, 0x0000000700a00000|100%| O|  |TAMS 0x0000000700a00000, 0x0000000700800000| Untracked 
|   5|0x0000000700a00000, 0x0000000700c00000, 0x0000000700c00000|100%| O|  |TAMS 0x0000000700c00000, 0x0000000700a00000| Untracked 
|   6|0x0000000700c00000, 0x0000000700e00000, 0x0000000700e00000|100%| O|  |TAMS 0x0000000700e00000, 0x0000000700c00000| Untracked 
|   7|0x0000000700e00000, 0x0000000701000000, 0x0000000701000000|100%| O|  |TAMS 0x0000000701000000, 0x0000000700e00000| Untracked 
|   8|0x0000000701000000, 0x0000000701200000, 0x0000000701200000|100%| O|  |TAMS 0x0000000701200000, 0x0000000701000000| Untracked 
|   9|0x0000000701200000, 0x0000000701400000, 0x0000000701400000|100%| O|  |TAMS 0x0000000701400000, 0x0000000701200000| Untracked 
|  10|0x0000000701400000, 0x0000000701600000, 0x0000000701600000|100%| O|  |TAMS 0x0000000701600000, 0x0000000701400000| Complete 
|  11|0x0000000701600000, 0x0000000701800000, 0x0000000701800000|100%| O|  |TAMS 0x0000000701800000, 0x0000000701600000| Complete 
|  12|0x0000000701800000, 0x0000000701a00000, 0x0000000701a00000|100%| O|  |TAMS 0x0000000701a00000, 0x0000000701800000| Untracked 
|  13|0x0000000701a00000, 0x0000000701c00000, 0x0000000701c00000|100%| O|  |TAMS 0x0000000701c00000, 0x0000000701a00000| Complete 
|  14|0x0000000701c00000, 0x0000000701e00000, 0x0000000701e00000|100%| O|  |TAMS 0x0000000701e00000, 0x0000000701c00000| Complete 
|  15|0x0000000701e00000, 0x0000000702000000, 0x0000000702000000|100%| O|  |TAMS 0x0000000702000000, 0x0000000701e00000| Untracked 
|  16|0x0000000702000000, 0x0000000702200000, 0x0000000702200000|100%| O|  |TAMS 0x0000000702200000, 0x0000000702000000| Untracked 
|  17|0x0000000702200000, 0x0000000702400000, 0x0000000702400000|100%| O|  |TAMS 0x0000000702400000, 0x0000000702200000| Complete 
|  18|0x0000000702400000, 0x0000000702600000, 0x0000000702600000|100%| O|  |TAMS 0x0000000702600000, 0x0000000702400000| Untracked 
|  19|0x0000000702600000, 0x0000000702800000, 0x0000000702800000|100%| O|  |TAMS 0x0000000702800000, 0x0000000702600000| Untracked 
|  20|0x0000000702800000, 0x0000000702a00000, 0x0000000702a00000|100%| O|  |TAMS 0x0000000702a00000, 0x0000000702800000| Untracked 
|  21|0x0000000702a00000, 0x0000000702c00000, 0x0000000702c00000|100%| O|  |TAMS 0x0000000702c00000, 0x0000000702a00000| Untracked 
|  22|0x0000000702c00000, 0x0000000702e00000, 0x0000000702e00000|100%| O|  |TAMS 0x0000000702e00000, 0x0000000702c00000| Untracked 
|  23|0x0000000702e00000, 0x0000000703000000, 0x0000000703000000|100%| O|  |TAMS 0x0000000703000000, 0x0000000702e00000| Complete 
|  24|0x0000000703000000, 0x0000000703200000, 0x0000000703200000|100%| O|  |TAMS 0x0000000703200000, 0x0000000703000000| Complete 
|  25|0x0000000703200000, 0x0000000703400000, 0x0000000703400000|100%| O|  |TAMS 0x0000000703213400, 0x0000000703200000| Untracked 
|  26|0x0000000703400000, 0x0000000703600000, 0x0000000703600000|100%| O|  |TAMS 0x0000000703400000, 0x0000000703400000| Untracked 
|  27|0x0000000703600000, 0x0000000703800000, 0x0000000703800000|100%| O|  |TAMS 0x0000000703600000, 0x0000000703600000| Untracked 
|  28|0x0000000703800000, 0x0000000703800000, 0x0000000703a00000|  0%| F|  |TAMS 0x0000000703800000, 0x0000000703800000| Untracked 
|  29|0x0000000703a00000, 0x0000000703a00000, 0x0000000703c00000|  0%| F|  |TAMS 0x0000000703a00000, 0x0000000703a00000| Untracked 
|  30|0x0000000703c00000, 0x0000000703c00000, 0x0000000703e00000|  0%| F|  |TAMS 0x0000000703c00000, 0x0000000703c00000| Untracked 
|  31|0x0000000703e00000, 0x0000000703e00000, 0x0000000704000000|  0%| F|  |TAMS 0x0000000703e00000, 0x0000000703e00000| Untracked 
|  32|0x0000000704000000, 0x0000000704000000, 0x0000000704200000|  0%| F|  |TAMS 0x0000000704000000, 0x0000000704000000| Untracked 
|  33|0x0000000704200000, 0x0000000704200000, 0x0000000704400000|  0%| F|  |TAMS 0x0000000704200000, 0x0000000704200000| Untracked 
|  34|0x0000000704400000, 0x0000000704400000, 0x0000000704600000|  0%| F|  |TAMS 0x0000000704400000, 0x0000000704400000| Untracked 
|  35|0x0000000704600000, 0x0000000704600000, 0x0000000704800000|  0%| F|  |TAMS 0x0000000704600000, 0x0000000704600000| Untracked 
|  36|0x0000000704800000, 0x0000000704800000, 0x0000000704a00000|  0%| F|  |TAMS 0x0000000704800000, 0x0000000704800000| Untracked 
|  37|0x0000000704a00000, 0x0000000704a3e700, 0x0000000704c00000| 12%| S|CS|TAMS 0x0000000704a00000, 0x0000000704a00000| Complete 
|  38|0x0000000704c00000, 0x0000000704e00000, 0x0000000704e00000|100%| S|CS|TAMS 0x0000000704c00000, 0x0000000704c00000| Complete 
|  39|0x0000000704e00000, 0x0000000704e00000, 0x0000000705000000|  0%| F|  |TAMS 0x0000000704e00000, 0x0000000704e00000| Untracked 
|  40|0x0000000705000000, 0x0000000705000000, 0x0000000705200000|  0%| F|  |TAMS 0x0000000705000000, 0x0000000705000000| Untracked 
|  41|0x0000000705200000, 0x0000000705200000, 0x0000000705400000|  0%| F|  |TAMS 0x0000000705200000, 0x0000000705200000| Untracked 
|  42|0x0000000705400000, 0x0000000705400000, 0x0000000705600000|  0%| F|  |TAMS 0x0000000705400000, 0x0000000705400000| Untracked 
|  43|0x0000000705600000, 0x0000000705600000, 0x0000000705800000|  0%| F|  |TAMS 0x0000000705600000, 0x0000000705600000| Untracked 
|  44|0x0000000705800000, 0x0000000705800000, 0x0000000705a00000|  0%| F|  |TAMS 0x0000000705800000, 0x0000000705800000| Untracked 
|  45|0x0000000705a00000, 0x0000000705a00000, 0x0000000705c00000|  0%| F|  |TAMS 0x0000000705a00000, 0x0000000705a00000| Untracked 
|  46|0x0000000705c00000, 0x0000000705c00000, 0x0000000705e00000|  0%| F|  |TAMS 0x0000000705c00000, 0x0000000705c00000| Untracked 
|  47|0x0000000705e00000, 0x0000000705e00000, 0x0000000706000000|  0%| F|  |TAMS 0x0000000705e00000, 0x0000000705e00000| Untracked 
|  48|0x0000000706000000, 0x0000000706000000, 0x0000000706200000|  0%| F|  |TAMS 0x0000000706000000, 0x0000000706000000| Untracked 
|  49|0x0000000706200000, 0x0000000706200000, 0x0000000706400000|  0%| F|  |TAMS 0x0000000706200000, 0x0000000706200000| Untracked 
|  50|0x0000000706400000, 0x0000000706400000, 0x0000000706600000|  0%| F|  |TAMS 0x0000000706400000, 0x0000000706400000| Untracked 
|  99|0x000000070c600000, 0x000000070c600000, 0x000000070c800000|  0%| F|  |TAMS 0x000000070c600000, 0x000000070c600000| Untracked 
| 100|0x000000070c800000, 0x000000070c800000, 0x000000070ca00000|  0%| F|  |TAMS 0x000000070c800000, 0x000000070c800000| Untracked 
| 101|0x000000070ca00000, 0x000000070ca00000, 0x000000070cc00000|  0%| F|  |TAMS 0x000000070ca00000, 0x000000070ca00000| Untracked 
| 102|0x000000070cc00000, 0x000000070cc00000, 0x000000070ce00000|  0%| F|  |TAMS 0x000000070cc00000, 0x000000070cc00000| Untracked 
| 127|0x000000070fe00000, 0x000000070feb0a90, 0x0000000710000000| 34%| E|  |TAMS 0x000000070fe00000, 0x000000070fe00000| Complete 
|2046|0x00000007ffc00000, 0x00000007ffd74000, 0x00000007ffe00000| 72%|OA|  |TAMS 0x00000007ffd74000, 0x00000007ffc00000| Untracked 
|2047|0x00000007ffe00000, 0x00000007ffe74000, 0x0000000800000000| 22%|CA|  |TAMS 0x00000007ffe74000, 0x00000007ffe00000| Untracked 

Card table byte_map: [0x000000010e4c4000,0x000000010ecc4000] _byte_map_base: 0x000000010acc4000

Marking Bits (Prev, Next): (CMBitMap*) 0x00007fdad5017e10, (CMBitMap*) 0x00007fdad5017e50
 Prev Bits: [0x0000000121911000, 0x0000000125911000)
 Next Bits: [0x0000000125911000, 0x0000000129911000)

Polling page: 0x000000010db6c000

Metaspace:

Usage:
  Non-class:     79.30 MB used.
      Class:     14.02 MB used.
       Both:     93.32 MB used.

Virtual space:
  Non-class space:      128.00 MB reserved,      79.94 MB ( 62%) committed,  2 nodes.
      Class space:        1.00 GB reserved,      14.44 MB (  1%) committed,  1 nodes.
             Both:        1.12 GB reserved,      94.38 MB (  8%) committed. 

Chunk freelists:
   Non-Class:  15.91 MB
       Class:  1.58 MB
        Both:  17.49 MB

MaxMetaspaceSize: unlimited
CompressedClassSpaceSize: 1.00 GB
Initial GC threshold: 21.00 MB
Current GC threshold: 157.31 MB
CDS: on
MetaspaceReclaimPolicy: balanced
 - commit_granule_bytes: 65536.
 - commit_granule_words: 8192.
 - virtual_space_node_default_size: 8388608.
 - enlarge_chunks_in_place: 1.
 - new_chunks_are_fully_committed: 0.
 - uncommit_free_chunks: 1.
 - use_allocation_guard: 0.
 - handle_deallocations: 1.


Internal statistics:

num_allocs_failed_limit: 12.
num_arena_births: 1014.
num_arena_deaths: 294.
num_vsnodes_births: 3.
num_vsnodes_deaths: 0.
num_space_committed: 1508.
num_space_uncommitted: 0.
num_chunks_returned_to_freelist: 330.
num_chunks_taken_from_freelist: 4528.
num_chunk_merges: 125.
num_chunk_splits: 3326.
num_chunks_enlarged: 2679.
num_inconsistent_stats: 0.

CodeCache: size=49152Kb used=13834Kb max_used=14341Kb free=35317Kb
 bounds [0x000000011e111000, 0x000000011efa1000, 0x0000000121111000]
 total_blobs=8609 nmethods=7906 adapters=631
 compilation: enabled
              stopped_count=0, restarted_count=0
 full_count=0

Compilation events (20 events):
Event: 338.823 Thread 0x00007fdad380dc00 7898       1       org.springframework.aop.support.AopUtils::isEqualsMethod (5 bytes)
Event: 338.824 Thread 0x00007fdad380dc00 nmethod 7898 0x000000011eefc910 code [0x000000011eefcaa0, 0x000000011eefcb60]
Event: 338.824 Thread 0x00007fdad380dc00 7901       1       org.hibernate.sql.ast.tree.expression.ColumnReference::hashCode (87 bytes)
Event: 338.825 Thread 0x00007fdad380dc00 nmethod 7901 0x000000011eefc490 code [0x000000011eefc640, 0x000000011eefc800]
Event: 338.825 Thread 0x00007fdad380dc00 7902       1       org.hibernate.sql.results.internal.SqlSelectionImpl::getExpressionType (10 bytes)
Event: 338.825 Thread 0x00007fdad380dc00 nmethod 7902 0x000000011eefc190 code [0x000000011eefc340, 0x000000011eefc420]
Event: 338.825 Thread 0x00007fdad380dc00 7900       1       org.hibernate.internal.util.collections.StandardStack::push (45 bytes)
Event: 338.826 Thread 0x00007fdad380dc00 nmethod 7900 0x000000011eefbb10 code [0x000000011eefbce0, 0x000000011eefc030]
Event: 338.826 Thread 0x00007fdad380dc00 7904       1       org.hibernate.metamodel.mapping.AttributeMapping::asAttributeMapping (2 bytes)
Event: 338.826 Thread 0x00007fdad380dc00 nmethod 7904 0x000000011eefb810 code [0x000000011eefb9a0, 0x000000011eefba70]
Event: 338.826 Thread 0x00007fdad380dc00 7903       1       org.hibernate.internal.SessionFactoryImpl::getJdbcServices (5 bytes)
Event: 338.826 Thread 0x00007fdad380dc00 nmethod 7903 0x000000011eefb510 code [0x000000011eefb6a0, 0x000000011eefb770]
Event: 338.826 Thread 0x00007fdad380dc00 7899       1       org.springframework.aop.support.AopUtils::isHashCodeMethod (5 bytes)
Event: 338.826 Thread 0x00007fdad380dc00 nmethod 7899 0x000000011eefb110 code [0x000000011eefb2c0, 0x000000011eefb3e0]
Event: 338.828 Thread 0x00007fdad380dc00 7905       1       java.nio.charset.Charset::name (5 bytes)
Event: 338.828 Thread 0x00007fdad380dc00 nmethod 7905 0x000000011eefae10 code [0x000000011eefafa0, 0x000000011eefb070]
Event: 338.828 Thread 0x00007fdad380dc00 7906       1       java.util.TreeMap$KeySet::contains (11 bytes)
Event: 338.829 Thread 0x00007fdad380dc00 nmethod 7906 0x000000011eefab10 code [0x000000011eefacc0, 0x000000011eefada0]
Event: 338.831 Thread 0x00007fdad380dc00 7907       1       javax.management.openmbean.CompositeDataSupport::getCompositeType (5 bytes)
Event: 338.831 Thread 0x00007fdad380dc00 nmethod 7907 0x000000011eefa810 code [0x000000011eefa9a0, 0x000000011eefaa70]

GC Heap History (20 events):
Event: 8.783 GC heap before
{Heap before GC invocations=15 (full 0):
 garbage-first heap   total 98304K, used 55850K [0x0000000700000000, 0x0000000800000000)
  region size 2048K, 12 young (24576K), 3 survivors (6144K)
 Metaspace       used 60089K, committed 60608K, reserved 1114112K
  class space    used 8714K, committed 8960K, reserved 1048576K
}
Event: 8.788 GC heap after
{Heap after GC invocations=16 (full 0):
 garbage-first heap   total 98304K, used 42720K [0x0000000700000000, 0x0000000800000000)
  region size 2048K, 2 young (4096K), 2 survivors (4096K)
 Metaspace       used 60089K, committed 60608K, reserved 1114112K
  class space    used 8714K, committed 8960K, reserved 1048576K
}
Event: 10.157 GC heap before
{Heap before GC invocations=17 (full 0):
 garbage-first heap   total 98304K, used 75488K [0x0000000700000000, 0x0000000800000000)
  region size 2048K, 19 young (38912K), 2 survivors (4096K)
 Metaspace       used 68739K, committed 69312K, reserved 1114112K
  class space    used 10102K, committed 10368K, reserved 1048576K
}
Event: 10.163 GC heap after
{Heap after GC invocations=18 (full 0):
 garbage-first heap   total 98304K, used 44360K [0x0000000700000000, 0x0000000800000000)
  region size 2048K, 2 young (4096K), 2 survivors (4096K)
 Metaspace       used 68739K, committed 69312K, reserved 1114112K
  class space    used 10102K, committed 10368K, reserved 1048576K
}
Event: 11.100 GC heap before
{Heap before GC invocations=19 (full 0):
 garbage-first heap   total 98304K, used 75080K [0x0000000700000000, 0x0000000800000000)
  region size 2048K, 17 young (34816K), 2 survivors (4096K)
 Metaspace       used 73802K, committed 74432K, reserved 1114112K
  class space    used 10997K, committed 11264K, reserved 1048576K
}
Event: 11.104 GC heap after
{Heap after GC invocations=20 (full 0):
 garbage-first heap   total 98304K, used 46516K [0x0000000700000000, 0x0000000800000000)
  region size 2048K, 3 young (6144K), 3 survivors (6144K)
 Metaspace       used 73802K, committed 74432K, reserved 1114112K
  class space    used 10997K, committed 11264K, reserved 1048576K
}
Event: 11.270 GC heap before
{Heap before GC invocations=20 (full 0):
 garbage-first heap   total 98304K, used 75188K [0x0000000700000000, 0x0000000800000000)
  region size 2048K, 17 young (34816K), 3 survivors (6144K)
 Metaspace       used 73835K, committed 74432K, reserved 1114112K
  class space    used 11002K, committed 11264K, reserved 1048576K
}
Event: 11.275 GC heap after
{Heap after GC invocations=21 (full 0):
 garbage-first heap   total 118784K, used 47387K [0x0000000700000000, 0x0000000800000000)
  region size 2048K, 2 young (4096K), 2 survivors (4096K)
 Metaspace       used 73835K, committed 74432K, reserved 1114112K
  class space    used 11002K, committed 11264K, reserved 1048576K
}
Event: 11.826 GC heap before
{Heap before GC invocations=22 (full 0):
 garbage-first heap   total 118784K, used 92443K [0x0000000700000000, 0x0000000800000000)
  region size 2048K, 24 young (49152K), 2 survivors (4096K)
 Metaspace       used 75509K, committed 76160K, reserved 1114112K
  class space    used 11370K, committed 11648K, reserved 1048576K
}
Event: 11.839 GC heap after
{Heap after GC invocations=23 (full 0):
 garbage-first heap   total 118784K, used 49288K [0x0000000700000000, 0x0000000800000000)
  region size 2048K, 2 young (4096K), 2 survivors (4096K)
 Metaspace       used 75509K, committed 76160K, reserved 1114112K
  class space    used 11370K, committed 11648K, reserved 1048576K
}
Event: 12.789 GC heap before
{Heap before GC invocations=23 (full 0):
 garbage-first heap   total 118784K, used 92296K [0x0000000700000000, 0x0000000800000000)
  region size 2048K, 23 young (47104K), 2 survivors (4096K)
 Metaspace       used 78643K, committed 79168K, reserved 1179648K
  class space    used 11861K, committed 12096K, reserved 1048576K
}
Event: 12.792 GC heap after
{Heap after GC invocations=24 (full 0):
 garbage-first heap   total 118784K, used 50864K [0x0000000700000000, 0x0000000800000000)
  region size 2048K, 3 young (6144K), 3 survivors (6144K)
 Metaspace       used 78643K, committed 79168K, reserved 1179648K
  class space    used 11861K, committed 12096K, reserved 1048576K
}
Event: 13.912 GC heap before
{Heap before GC invocations=24 (full 0):
 garbage-first heap   total 118784K, used 93872K [0x0000000700000000, 0x0000000800000000)
  region size 2048K, 24 young (49152K), 3 survivors (6144K)
 Metaspace       used 81838K, committed 82496K, reserved 1179648K
  class space    used 12360K, committed 12672K, reserved 1048576K
}
Event: 13.916 GC heap after
{Heap after GC invocations=25 (full 0):
 garbage-first heap   total 118784K, used 53699K [0x0000000700000000, 0x0000000800000000)
  region size 2048K, 3 young (6144K), 3 survivors (6144K)
 Metaspace       used 81838K, committed 82496K, reserved 1179648K
  class space    used 12360K, committed 12672K, reserved 1048576K
}
Event: 14.845 GC heap before
{Heap before GC invocations=25 (full 0):
 garbage-first heap   total 118784K, used 94659K [0x0000000700000000, 0x0000000800000000)
  region size 2048K, 23 young (47104K), 3 survivors (6144K)
 Metaspace       used 85571K, committed 86208K, reserved 1179648K
  class space    used 12953K, committed 13248K, reserved 1048576K
}
Event: 14.853 GC heap after
{Heap after GC invocations=26 (full 0):
 garbage-first heap   total 118784K, used 56410K [0x0000000700000000, 0x0000000800000000)
  region size 2048K, 3 young (6144K), 3 survivors (6144K)
 Metaspace       used 85571K, committed 86208K, reserved 1179648K
  class space    used 12953K, committed 13248K, reserved 1048576K
}
Event: 15.754 GC heap before
{Heap before GC invocations=26 (full 0):
 garbage-first heap   total 118784K, used 95322K [0x0000000700000000, 0x0000000800000000)
  region size 2048K, 22 young (45056K), 3 survivors (6144K)
 Metaspace       used 90706K, committed 91392K, reserved 1179648K
  class space    used 13712K, committed 14016K, reserved 1048576K
}
Event: 15.761 GC heap after
{Heap after GC invocations=27 (full 0):
 garbage-first heap   total 118784K, used 59373K [0x0000000700000000, 0x0000000800000000)
  region size 2048K, 3 young (6144K), 3 survivors (6144K)
 Metaspace       used 90706K, committed 91392K, reserved 1179648K
  class space    used 13712K, committed 14016K, reserved 1048576K
}
Event: 338.664 GC heap before
{Heap before GC invocations=27 (full 0):
 garbage-first heap   total 118784K, used 94189K [0x0000000700000000, 0x0000000800000000)
  region size 2048K, 20 young (40960K), 3 survivors (6144K)
 Metaspace       used 95876K, committed 96640K, reserved 1179648K
  class space    used 14432K, committed 14784K, reserved 1048576K
}
Event: 338.822 GC heap after
{Heap after GC invocations=28 (full 0):
 garbage-first heap   total 118784K, used 61593K [0x0000000700000000, 0x0000000800000000)
  region size 2048K, 2 young (4096K), 2 survivors (4096K)
 Metaspace       used 95876K, committed 96640K, reserved 1179648K
  class space    used 14432K, committed 14784K, reserved 1048576K
}

Dll operation events (9 events):
Event: 0.011 Loaded shared library /usr/local/Cellar/openjdk@17/17.0.19/libexec/openjdk.jdk/Contents/Home/lib/libjava.dylib
Event: 0.187 Loaded shared library /usr/local/Cellar/openjdk@17/17.0.19/libexec/openjdk.jdk/Contents/Home/lib/libnio.dylib
Event: 0.196 Loaded shared library /usr/local/Cellar/openjdk@17/17.0.19/libexec/openjdk.jdk/Contents/Home/lib/libzip.dylib
Event: 0.347 Loaded shared library /usr/local/Cellar/openjdk@17/17.0.19/libexec/openjdk.jdk/Contents/Home/lib/libjimage.dylib
Event: 0.877 Loaded shared library /usr/local/Cellar/openjdk@17/17.0.19/libexec/openjdk.jdk/Contents/Home/lib/libmanagement.dylib
Event: 0.879 Loaded shared library /usr/local/Cellar/openjdk@17/17.0.19/libexec/openjdk.jdk/Contents/Home/lib/libmanagement_ext.dylib
Event: 2.009 Loaded shared library /usr/local/Cellar/openjdk@17/17.0.19/libexec/openjdk.jdk/Contents/Home/lib/libnet.dylib
Event: 2.019 Loaded shared library /usr/local/Cellar/openjdk@17/17.0.19/libexec/openjdk.jdk/Contents/Home/lib/libextnet.dylib
Event: 15.370 Loaded shared library /usr/local/Cellar/openjdk@17/17.0.19/libexec/openjdk.jdk/Contents/Home/lib/libverify.dylib

Deoptimization events (8 events):
Event: 1.865 Thread 0x00007fdad513e200 DEOPT PACKING pc=0x000000011e396aa4 sp=0x000070000574c080
Event: 1.865 Thread 0x00007fdad513e200 DEOPT UNPACKING pc=0x000000011e167e2f sp=0x000070000574b568 mode 0
Event: 6.228 Thread 0x00007fdad513e200 DEOPT PACKING pc=0x000000011e513181 sp=0x000070000574c930
Event: 6.228 Thread 0x00007fdad513e200 DEOPT UNPACKING pc=0x000000011e167e2f sp=0x000070000574bde0 mode 3
Event: 6.228 Thread 0x00007fdad693cc00 DEOPT PACKING pc=0x000000011e512c96 sp=0x000070000616b660
Event: 6.228 Thread 0x00007fdad693cc00 DEOPT UNPACKING pc=0x000000011e167e2f sp=0x000070000616aad8 mode 3
Event: 15.692 Thread 0x00007fdad513e200 DEOPT PACKING pc=0x000000011ec28f0c sp=0x000070000574b960
Event: 15.692 Thread 0x00007fdad513e200 DEOPT UNPACKING pc=0x000000011e167e2f sp=0x000070000574ae28 mode 0

Classes loaded (20 events):
Event: 68.993 Loading class sun/nio/ch/SocketChannelImpl$DefaultOptionsHolder
Event: 68.993 Loading class sun/nio/ch/SocketChannelImpl$DefaultOptionsHolder done
Event: 68.996 Loading class sun/nio/ch/SelectionKeyImpl
Event: 68.996 Loading class java/nio/channels/spi/AbstractSelectionKey
Event: 68.997 Loading class java/nio/channels/SelectionKey
Event: 68.997 Loading class java/nio/channels/SelectionKey done
Event: 68.997 Loading class java/nio/channels/spi/AbstractSelectionKey done
Event: 68.997 Loading class sun/nio/ch/SelectionKeyImpl done
Event: 68.997 Loading class java/lang/invoke/ConstantBootstraps
Event: 68.998 Loading class java/lang/invoke/ConstantBootstraps done
Event: 69.061 Loading class sun/nio/cs/ISO_8859_1$Decoder
Event: 69.062 Loading class sun/nio/cs/ISO_8859_1$Decoder done
Event: 123.500 Loading class javax/crypto/Mac
Event: 123.501 Loading class javax/crypto/Mac done
Event: 123.504 Loading class com/sun/crypto/provider/HmacCore$HmacSHA256
Event: 123.504 Loading class com/sun/crypto/provider/HmacCore
Event: 123.504 Loading class javax/crypto/MacSpi
Event: 123.504 Loading class javax/crypto/MacSpi done
Event: 123.504 Loading class com/sun/crypto/provider/HmacCore done
Event: 123.504 Loading class com/sun/crypto/provider/HmacCore$HmacSHA256 done

Classes unloaded (20 events):
Event: 339.000 Thread 0x00007fdad2911130 Unloading class 0x000000012d128400 'java/lang/invoke/LambdaForm$MH+0x000000012d128400'
Event: 339.000 Thread 0x00007fdad2911130 Unloading class 0x000000012d110000 'java/lang/invoke/LambdaForm$DMH+0x000000012d110000'
Event: 339.000 Thread 0x00007fdad2911130 Unloading class 0x000000012d0a9400 'java/lang/invoke/LambdaForm$MH+0x000000012d0a9400'
Event: 339.000 Thread 0x00007fdad2911130 Unloading class 0x000000012d0a9000 'java/lang/invoke/LambdaForm$MH+0x000000012d0a9000'
Event: 339.000 Thread 0x00007fdad2911130 Unloading class 0x000000012d0a8c00 'java/lang/invoke/LambdaForm$MH+0x000000012d0a8c00'
Event: 339.000 Thread 0x00007fdad2911130 Unloading class 0x000000012d0a8800 'java/lang/invoke/LambdaForm$MH+0x000000012d0a8800'
Event: 339.000 Thread 0x00007fdad2911130 Unloading class 0x000000012d0a8400 'java/lang/invoke/LambdaForm$MH+0x000000012d0a8400'
Event: 339.000 Thread 0x00007fdad2911130 Unloading class 0x000000012d0a8000 'java/lang/invoke/LambdaForm$MH+0x000000012d0a8000'
Event: 339.000 Thread 0x00007fdad2911130 Unloading class 0x000000012d019000 'java/lang/invoke/LambdaForm$MH+0x000000012d019000'
Event: 339.000 Thread 0x00007fdad2911130 Unloading class 0x000000012d018c00 'java/lang/invoke/LambdaForm$MH+0x000000012d018c00'
Event: 339.000 Thread 0x00007fdad2911130 Unloading class 0x000000012d018400 'java/lang/invoke/LambdaForm$MH+0x000000012d018400'
Event: 339.000 Thread 0x00007fdad2911130 Unloading class 0x000000012d018000 'java/lang/invoke/LambdaForm$MH+0x000000012d018000'
Event: 339.000 Thread 0x00007fdad2911130 Unloading class 0x000000012d013000 'java/lang/invoke/LambdaForm$MH+0x000000012d013000'
Event: 339.000 Thread 0x00007fdad2911130 Unloading class 0x000000012d012800 'java/lang/invoke/LambdaForm$MH+0x000000012d012800'
Event: 339.000 Thread 0x00007fdad2911130 Unloading class 0x000000012d012400 'java/lang/invoke/LambdaForm$MH+0x000000012d012400'
Event: 339.000 Thread 0x00007fdad2911130 Unloading class 0x000000012d012000 'java/lang/invoke/LambdaForm$MH+0x000000012d012000'
Event: 339.000 Thread 0x00007fdad2911130 Unloading class 0x000000012d011c00 'java/lang/invoke/LambdaForm$MH+0x000000012d011c00'
Event: 339.000 Thread 0x00007fdad2911130 Unloading class 0x000000012d011800 'java/lang/invoke/LambdaForm$MH+0x000000012d011800'
Event: 339.000 Thread 0x00007fdad2911130 Unloading class 0x000000012d011000 'java/lang/invoke/LambdaForm$MH+0x000000012d011000'
Event: 339.000 Thread 0x00007fdad2911130 Unloading class 0x000000012d010800 'java/lang/invoke/LambdaForm$MH+0x000000012d010800'

Classes redefined (0 events):
No events

Internal exceptions (20 events):
Event: 14.711 Thread 0x00007fdad513e200 Exception <a 'java/lang/NoSuchMethodError'{0x0000000704fd3a08}: 'java.lang.Object java.lang.invoke.Invokers$Holder.invoke_MT(java.lang.Object, java.lang.Object, java.lang.Object, java.lang.Object, java.lang.Object, java.lang.Object, java.lang.Object, java.lang.Object, java.lang.Object, java.lang.Object, java.lang.Object)'> (0x0000000704fd3a08) 
thrown [src/hotspot/share/interpreter/linkResolver.cpp, line 759]
Event: 14.863 Thread 0x00007fdad6009600 Exception <a 'java/lang/NoSuchMethodError'{0x000000070fee60a0}: 'long java.lang.invoke.DirectMethodHandle$Holder.invokeStatic(java.lang.Object, java.lang.Object, java.lang.Object)'> (0x000000070fee60a0) 
thrown [src/hotspot/share/interpreter/linkResolver.cpp, line 759]
Event: 14.896 Thread 0x00007fdada0f0200 Exception <a 'java/net/UnknownHostException'{0x000000070ccc1400}> (0x000000070ccc1400) 
thrown [src/hotspot/share/prims/jni.cpp, line 535]
Event: 14.917 Thread 0x00007fdad513e200 Exception <a 'java/lang/IncompatibleClassChangeError'{0x000000070cd2aca0}: Found class java.lang.Object, but interface was expected> (0x000000070cd2aca0) 
thrown [src/hotspot/share/interpreter/linkResolver.cpp, line 826]
Event: 15.000 Thread 0x00007fdad513e200 Exception <a 'java/lang/IncompatibleClassChangeError'{0x000000070cbeace0}: Found class java.lang.Object, but interface was expected> (0x000000070cbeace0) 
thrown [src/hotspot/share/interpreter/linkResolver.cpp, line 826]
Event: 15.034 Thread 0x00007fdad513e200 Exception <a 'java/lang/NoSuchMethodError'{0x000000070c99ef30}: 'void java.lang.invoke.DirectMethodHandle$Holder.invokeStatic(java.lang.Object, java.lang.Object, double)'> (0x000000070c99ef30) 
thrown [src/hotspot/share/interpreter/linkResolver.cpp, line 759]
Event: 15.050 Thread 0x00007fdad513e200 Exception <a 'java/lang/NoSuchMethodError'{0x000000070c613628}: 'double java.lang.invoke.DirectMethodHandle$Holder.invokeStatic(java.lang.Object, java.lang.Object, java.lang.Object)'> (0x000000070c613628) 
thrown [src/hotspot/share/interpreter/linkResolver.cpp, line 759]
Event: 15.059 Thread 0x00007fdad513e200 Exception <a 'java/lang/NoSuchMethodError'{0x000000070c6591a8}: 'double java.lang.invoke.DirectMethodHandle$Holder.invokeInterface(java.lang.Object, java.lang.Object)'> (0x000000070c6591a8) 
thrown [src/hotspot/share/interpreter/linkResolver.cpp, line 759]
Event: 15.078 Thread 0x00007fdad513e200 Exception <a 'java/lang/IncompatibleClassChangeError'{0x000000070c721728}: Found class java.lang.Object, but interface was expected> (0x000000070c721728) 
thrown [src/hotspot/share/interpreter/linkResolver.cpp, line 826]
Event: 15.081 Thread 0x00007fdad513e200 Exception <a 'java/lang/NoSuchMethodError'{0x000000070c736bd0}: 'java.lang.Object java.lang.invoke.DirectMethodHandle$Holder.invokeStaticInit(java.lang.Object, int)'> (0x000000070c736bd0) 
thrown [src/hotspot/share/interpreter/linkResolver.cpp, line 759]
Event: 15.123 Thread 0x00007fdad513e200 Exception <a 'java/lang/NoSuchMethodError'{0x00000007064f4ac8}: 'double java.lang.invoke.DirectMethodHandle$Holder.invokeVirtual(java.lang.Object, java.lang.Object)'> (0x00000007064f4ac8) 
thrown [src/hotspot/share/interpreter/linkResolver.cpp, line 759]
Event: 15.258 Thread 0x00007fdad513e200 Exception <a 'java/lang/NoSuchMethodError'{0x0000000705dd8558}: 'java.lang.Object java.lang.invoke.DirectMethodHandle$Holder.invokeStatic(java.lang.Object, java.lang.Object, java.lang.Object, java.lang.Object, int, java.lang.Object, java.lang.Object)'> (0x0000000705dd8558) 
thrown [src/hotspot/share/interpreter/linkResolver.cpp, line 759]
Event: 15.644 Thread 0x00007fdad513e200 Exception <a 'java/lang/NoSuchMethodError'{0x000000070510c8a8}: 'java.lang.Object java.lang.invoke.DirectMethodHandle$Holder.invokeStatic(java.lang.Object, int, int)'> (0x000000070510c8a8) 
thrown [src/hotspot/share/interpreter/linkResolver.cpp, line 759]
Event: 15.771 Thread 0x00007fdada0f0200 Exception <a 'java/net/UnknownHostException'{0x000000070ffc0e90}> (0x000000070ffc0e90) 
thrown [src/hotspot/share/prims/jni.cpp, line 535]
Event: 15.817 Thread 0x00007fdad513e200 Exception <a 'java/lang/IncompatibleClassChangeError'{0x000000070ff25cb0}: Found class java.lang.Object, but interface was expected> (0x000000070ff25cb0) 
thrown [src/hotspot/share/interpreter/linkResolver.cpp, line 826]
Event: 68.985 Thread 0x00007fdad6982200 Exception <a 'java/lang/NoSuchMethodError'{0x000000070c892660}: 'java.lang.Object java.lang.invoke.DirectMethodHandle$Holder.invokeStaticInit(java.lang.Object, java.lang.Object, java.lang.Object, int, int)'> (0x000000070c892660) 
thrown [src/hotspot/share/interpreter/linkResolver.cpp, line 759]
Event: 69.346 Thread 0x00007fdad8941800 Exception <a 'java/lang/IncompatibleClassChangeError'{0x000000070602f7e8}: Found class java.lang.Object, but interface was expected> (0x000000070602f7e8) 
thrown [src/hotspot/share/interpreter/linkResolver.cpp, line 826]
Event: 69.459 Thread 0x00007fdad8941800 Exception <a 'java/lang/NoSuchMethodError'{0x0000000705fc8e80}: 'java.lang.Object java.lang.invoke.DirectMethodHandle$Holder.newInvokeSpecial(java.lang.Object, java.lang.Object, java.lang.Object, long)'> (0x0000000705fc8e80) 
thrown [src/hotspot/share/interpreter/linkResolver.cpp, line 759]
Event: 69.459 Thread 0x00007fdad8941800 Exception <a 'java/lang/NoSuchMethodError'{0x0000000705fcdc50}: 'java.lang.Object java.lang.invoke.DirectMethodHandle$Holder.invokeSpecial(java.lang.Object, java.lang.Object, java.lang.Object, java.lang.Object, long)'> (0x0000000705fcdc50) 
thrown [src/hotspot/share/interpreter/linkResolver.cpp, line 759]
Event: 69.460 Thread 0x00007fdad8941800 Exception <a 'java/lang/NoSuchMethodError'{0x0000000705fd26a8}: 'java.lang.Object java.lang.invoke.Invokers$Holder.linkToTargetMethod(java.lang.Object, java.lang.Object, long, java.lang.Object)'> (0x0000000705fd26a8) 
thrown [src/hotspot/share/interpreter/linkResolver.cpp, line 759]

VM Operations (20 events):
Event: 218.977 Executing VM operation: Cleanup
Event: 218.978 Executing VM operation: Cleanup done
Event: 225.995 Executing VM operation: Cleanup
Event: 225.995 Executing VM operation: Cleanup done
Event: 249.065 Executing VM operation: Cleanup
Event: 249.065 Executing VM operation: Cleanup done
Event: 257.078 Executing VM operation: Cleanup
Event: 257.078 Executing VM operation: Cleanup done
Event: 279.141 Executing VM operation: Cleanup
Event: 279.141 Executing VM operation: Cleanup done
Event: 309.210 Executing VM operation: Cleanup
Event: 309.210 Executing VM operation: Cleanup done
Event: 316.228 Executing VM operation: Cleanup
Event: 316.228 Executing VM operation: Cleanup done
Event: 338.661 Executing VM operation: G1CollectForAllocation
Event: 338.822 Executing VM operation: G1CollectForAllocation done
Event: 338.988 Executing VM operation: G1PauseRemark
Event: 339.501 Executing VM operation: G1PauseRemark done
Event: 339.516 Executing VM operation: G1PauseCleanup
Event: 339.545 Executing VM operation: G1PauseCleanup done

Memory protections (20 events):
Event: 15.891 Protecting memory [0x000070000564e000,0x0000700005652000] with protection modes 3
Event: 15.893 Protecting memory [0x000070000554b000,0x000070000554f000] with protection modes 3
Event: 15.895 Protecting memory [0x0000700003e03000,0x0000700003e07000] with protection modes 3
Event: 15.896 Protecting memory [0x0000700003e03000,0x0000700003e07000] with protection modes 0
Event: 18.900 Protecting memory [0x0000700005854000,0x0000700005858000] with protection modes 3
Event: 45.689 Protecting memory [0x000070000554b000,0x000070000554f000] with protection modes 0
Event: 45.689 Protecting memory [0x000070000564e000,0x0000700005652000] with protection modes 0
Event: 67.130 Protecting memory [0x0000700005751000,0x0000700005755000] with protection modes 3
Event: 75.144 Protecting memory [0x0000700005751000,0x0000700005755000] with protection modes 0
Event: 75.775 Protecting memory [0x000070000657b000,0x000070000657f000] with protection modes 3
Event: 76.767 Protecting memory [0x0000700005751000,0x0000700005755000] with protection modes 3
Event: 134.262 Protecting memory [0x0000700005751000,0x0000700005755000] with protection modes 0
Event: 141.311 Protecting memory [0x0000700005751000,0x0000700005755000] with protection modes 3
Event: 142.217 Protecting memory [0x0000700005751000,0x0000700005755000] with protection modes 0
Event: 148.216 Protecting memory [0x0000700005751000,0x0000700005755000] with protection modes 3
Event: 225.856 Protecting memory [0x0000700005751000,0x0000700005755000] with protection modes 0
Event: 230.872 Protecting memory [0x0000700005751000,0x0000700005755000] with protection modes 3
Event: 285.875 Protecting memory [0x0000700005751000,0x0000700005755000] with protection modes 0
Event: 290.894 Protecting memory [0x0000700005751000,0x0000700005755000] with protection modes 3
Event: 315.166 Protecting memory [0x0000700005751000,0x0000700005755000] with protection modes 0

Nmethod flushes (0 events):
No events

Events (20 events):
Event: 15.891 Thread 0x00007fdad513e200 Thread exited: 0x00007fdad513e200
Event: 15.893 Thread 0x00007fdada00de00 Thread exited: 0x00007fdada00de00
Event: 15.895 Thread 0x00007fdad6008a00 Thread exited: 0x00007fdad6008a00
Event: 15.896 Thread 0x00007fdad79b9c00 Thread added: 0x00007fdad79b9c00
Event: 18.900 Thread 0x00007fdad48a3a00 Thread exited: 0x00007fdad48a3a00
Event: 45.689 Thread 0x00007fdad7839400 Thread added: 0x00007fdad6980e00
Event: 45.689 Thread 0x00007fdada109400 Thread added: 0x00007fdad20fea00
Event: 67.130 Thread 0x00007fdad3032400 Thread exited: 0x00007fdad3032400
Event: 75.144 Thread 0x00007fdad380dc00 Thread added: 0x00007fdad41f6800
Event: 75.775 Thread 0x00007fdada0f0200 Thread exited: 0x00007fdada0f0200
Event: 76.767 Thread 0x00007fdad41f6800 Thread exited: 0x00007fdad41f6800
Event: 134.262 Thread 0x00007fdad380dc00 Thread added: 0x00007fdad513e200
Event: 141.311 Thread 0x00007fdad513e200 Thread exited: 0x00007fdad513e200
Event: 142.217 Thread 0x00007fdad380dc00 Thread added: 0x00007fdad489cc00
Event: 148.217 Thread 0x00007fdad489cc00 Thread exited: 0x00007fdad489cc00
Event: 225.856 Thread 0x00007fdad380dc00 Thread added: 0x00007fdad41f8e00
Event: 230.874 Thread 0x00007fdad41f8e00 Thread exited: 0x00007fdad41f8e00
Event: 285.875 Thread 0x00007fdad380dc00 Thread added: 0x00007fdad3032400
Event: 290.894 Thread 0x00007fdad3032400 Thread exited: 0x00007fdad3032400
Event: 315.166 Thread 0x00007fdad5195a00 Thread added: 0x00007fdad41f8e00


Dynamic libraries:
0x000000010db74000 	/usr/local/Cellar/openjdk@17/17.0.19/libexec/openjdk.jdk/Contents/Home/lib/libjli.dylib
0x00007ff81efb8000 	/usr/lib/libz.1.dylib
0x00007ff81f0a3000 	/usr/lib/libSystem.B.dylib
0x00007ff81f09d000 	/usr/lib/system/libcache.dylib
0x00007ff81f056000 	/usr/lib/system/libcommonCrypto.dylib
0x00007ff81f07f000 	/usr/lib/system/libcompiler_rt.dylib
0x00007ff81f073000 	/usr/lib/system/libcopyfile.dylib
0x00007ff80edfa000 	/usr/lib/system/libcorecrypto.dylib
0x00007ff80ef13000 	/usr/lib/system/libdispatch.dylib
0x00007ff80ecb6000 	/usr/lib/system/libdyld.dylib
0x00007ff81f093000 	/usr/lib/system/libkeymgr.dylib
0x00007ff81f03b000 	/usr/lib/system/libmacho.dylib
0x00007ff81e1c9000 	/usr/lib/system/libquarantine.dylib
0x00007ff81f090000 	/usr/lib/system/libremovefile.dylib
0x00007ff8153dd000 	/usr/lib/system/libsystem_asl.dylib
0x00007ff80ed83000 	/usr/lib/system/libsystem_blocks.dylib
0x00007ff80ef5e000 	/usr/lib/system/libsystem_c.dylib
0x00007ff81f087000 	/usr/lib/system/libsystem_collections.dylib
0x00007ff81caa4000 	/usr/lib/system/libsystem_configuration.dylib
0x00007ff81b636000 	/usr/lib/system/libsystem_containermanager.dylib
0x00007ff81eada000 	/usr/lib/system/libsystem_coreservices.dylib
0x00007ff812b07000 	/usr/lib/system/libsystem_darwin.dylib
0x00007ffe185f3000 	/usr/lib/system/libsystem_darwindirectory.dylib
0x00007ff81f094000 	/usr/lib/system/libsystem_dnssd.dylib
0x00007ffe185f8000 	/usr/lib/system/libsystem_eligibility.dylib
0x00007ff80ef5b000 	/usr/lib/system/libsystem_featureflags.dylib
0x00007ff80f0de000 	/usr/lib/system/libsystem_info.dylib
0x00007ff81efcc000 	/usr/lib/system/libsystem_m.dylib
0x00007ff80eec1000 	/usr/lib/system/libsystem_malloc.dylib
0x00007ff815346000 	/usr/lib/system/libsystem_networkextension.dylib
0x00007ff812f4f000 	/usr/lib/system/libsystem_notify.dylib
0x00007ff81caa8000 	/usr/lib/system/libsystem_sandbox.dylib
0x00007ffe18602000 	/usr/lib/system/libsystem_sanitizers.dylib
0x00007ff81f08c000 	/usr/lib/system/libsystem_secinit.dylib
0x00007ff80f089000 	/usr/lib/system/libsystem_kernel.dylib
0x00007ff80f0d4000 	/usr/lib/system/libsystem_platform.dylib
0x00007ff80f0c8000 	/usr/lib/system/libsystem_pthread.dylib
0x00007ff8171c6000 	/usr/lib/system/libsystem_symptoms.dylib
0x00007ff80edda000 	/usr/lib/system/libsystem_trace.dylib
0x00007ffe1860b000 	/usr/lib/system/libsystem_trial.dylib
0x00007ff81f062000 	/usr/lib/system/libunwind.dylib
0x00007ff80ed87000 	/usr/lib/system/libxpc.dylib
0x00007ff80ec71000 	/usr/lib/libobjc.A.dylib
0x00007ff80f10d000 	/System/Library/Frameworks/CoreFoundation.framework/Versions/A/CoreFoundation
0x00007ff822c19000 	/usr/lib/swift/libswiftCore.dylib
0x00007ff80f071000 	/usr/lib/libc++abi.dylib
0x00007ffe167bf000 	/usr/lib/libRosetta.dylib
0x00007ff80efe6000 	/usr/lib/libc++.1.dylib
0x00007ff810398000 	/System/Library/Frameworks/Foundation.framework/Versions/C/Foundation
0x00007ff82cad7000 	/usr/lib/swift/libswiftObjectiveC.dylib
0x00007ffe17eb5000 	/usr/lib/libswiftPrespecialized.dylib
0x00007ff810030000 	/System/Library/Frameworks/SystemConfiguration.framework/Versions/A/SystemConfiguration
0x00007ff819a25000 	/System/Library/PrivateFrameworks/CoreAutoLayout.framework/Versions/A/CoreAutoLayout
0x00007ff81f0a5000 	/usr/lib/libfakelink.dylib
0x00007ff81f29d000 	/usr/lib/libcompression.dylib
0x00007ff814fab000 	/System/Library/Frameworks/CFNetwork.framework/Versions/A/CFNetwork
0x00007ff818bde000 	/System/Library/Frameworks/DiskArbitration.framework/Versions/A/DiskArbitration
0x00007ff81f0f6000 	/usr/lib/libarchive.2.dylib
0x00007ff818ae9000 	/usr/lib/libDiagnosticMessagesClient.dylib
0x00007ff812850000 	/usr/lib/libicucore.A.dylib
0x00007ff819a6e000 	/usr/lib/libxml2.2.dylib
0x00007ff827baa000 	/System/Library/Frameworks/CoreServices.framework/Versions/A/CoreServices
0x00007ff81cab5000 	/usr/lib/liblangid.dylib
0x00007ff812e81000 	/System/Library/Frameworks/IOKit.framework/Versions/A/IOKit
0x00007ff82564e000 	/System/Library/Frameworks/Combine.framework/Versions/A/Combine
0x00007ffc0f421000 	/System/Library/PrivateFrameworks/CollectionsInternal.framework/Versions/A/CollectionsInternal
0x00007ffd1b6ca000 	/System/Library/PrivateFrameworks/ReflectionInternal.framework/Versions/A/ReflectionInternal
0x00007ffd1c4a6000 	/System/Library/PrivateFrameworks/RuntimeInternal.framework/Versions/A/RuntimeInternal
0x00007ff81f0a8000 	/System/Library/PrivateFrameworks/SoftLinking.framework/Versions/A/SoftLinking
0x00007ff91a767000 	/usr/lib/swift/libswiftCoreFoundation.dylib
0x00007ff917801000 	/usr/lib/swift/libswiftDarwin.dylib
0x00007ff829be6000 	/usr/lib/swift/libswiftDispatch.dylib
0x00007ff91a7bc000 	/usr/lib/swift/libswiftIOKit.dylib
0x00007ffe182af000 	/usr/lib/swift/libswiftSystem.dylib
0x00007ff91a777000 	/usr/lib/swift/libswiftXPC.dylib
0x00007ffe182dd000 	/usr/lib/swift/libswift_Builtin_float.dylib
0x00007ffe182de000 	/usr/lib/swift/libswift_Concurrency.dylib
0x00007ffe1834d000 	/usr/lib/swift/libswift_DarwinFoundation1.dylib
0x00007ffe183fd000 	/usr/lib/swift/libswift_StringProcessing.dylib
0x00007ff82cadb000 	/usr/lib/swift/libswiftos.dylib
0x00007ff812e01000 	/System/Library/PrivateFrameworks/CoreServicesInternal.framework/Versions/A/CoreServicesInternal
0x00007ff81f06b000 	/usr/lib/liboah.dylib
0x00007ff812452000 	/System/Library/Frameworks/Security.framework/Versions/A/Security
0x00007ff82bff7000 	/System/Library/PrivateFrameworks/DiskImages.framework/Versions/A/DiskImages
0x00007ff9172a5000 	/System/Library/Frameworks/NetFS.framework/Versions/A/NetFS
0x00007ff8199ec000 	/System/Library/Frameworks/CoreServices.framework/Versions/A/Frameworks/FSEvents.framework/Versions/A/FSEvents
0x00007ff812b12000 	/System/Library/Frameworks/CoreServices.framework/Versions/A/Frameworks/CarbonCore.framework/Versions/A/CarbonCore
0x00007ff818b54000 	/System/Library/Frameworks/CoreServices.framework/Versions/A/Frameworks/Metadata.framework/Versions/A/Metadata
0x00007ff81eae1000 	/System/Library/Frameworks/CoreServices.framework/Versions/A/Frameworks/OSServices.framework/Versions/A/OSServices
0x00007ff81f1d1000 	/System/Library/Frameworks/CoreServices.framework/Versions/A/Frameworks/SearchKit.framework/Versions/A/SearchKit
0x00007ff817143000 	/System/Library/Frameworks/CoreServices.framework/Versions/A/Frameworks/AE.framework/Versions/A/AE
0x00007ff80f5ca000 	/System/Library/Frameworks/CoreServices.framework/Versions/A/Frameworks/LaunchServices.framework/Versions/A/LaunchServices
0x00007ff8205d1000 	/System/Library/Frameworks/CoreServices.framework/Versions/A/Frameworks/DictionaryServices.framework/Versions/A/DictionaryServices
0x00007ff8199fa000 	/System/Library/Frameworks/CoreServices.framework/Versions/A/Frameworks/SharedFileList.framework/Versions/A/SharedFileList
0x00007ff81f253000 	/usr/lib/libapple_nghttp2.dylib
0x00007ff816d53000 	/usr/lib/libsqlite3.dylib
0x00007ff816f44000 	/System/Library/Frameworks/Accounts.framework/Versions/A/Accounts
0x00007ff82c231000 	/System/Library/PrivateFrameworks/AppSupport.framework/Versions/A/AppSupport
0x00007ff919594000 	/System/Library/Frameworks/AVFoundation.framework/Versions/A/AVFoundation
0x00007ff818abb000 	/System/Library/PrivateFrameworks/CoreAnalytics.framework/Versions/A/CoreAnalytics
0x00007ff815971000 	/System/Library/Frameworks/CoreGraphics.framework/Versions/A/CoreGraphics
0x00007ff8238ac000 	/System/Library/Frameworks/GSS.framework/Versions/A/GSS
0x00007ff821ccb000 	/System/Library/PrivateFrameworks/InternationalSupport.framework/Versions/A/InternationalSupport
0x00007ff8170da000 	/System/Library/PrivateFrameworks/RunningBoardServices.framework/Versions/A/RunningBoardServices
0x00007ff82ca5d000 	/System/Library/PrivateFrameworks/StreamingZip.framework/Versions/A/StreamingZip
0x00007ff815360000 	/usr/lib/libenergytrace.dylib
0x00007ff8171ce000 	/System/Library/Frameworks/Network.framework/Versions/A/Network
0x00007ff81e1ee000 	/usr/lib/libbsm.0.dylib
0x00007ff81f03f000 	/usr/lib/system/libkxld.dylib
0x00007ffb2b02f000 	/System/Library/PrivateFrameworks/AppleKeyStore.framework/Versions/A/AppleKeyStore
0x00007ffe1653b000 	/usr/lib/libCoreEntitlements.dylib
0x00007ffd10d55000 	/System/Library/PrivateFrameworks/MessageSecurity.framework/Versions/A/MessageSecurity
0x00007ff816d37000 	/System/Library/PrivateFrameworks/ProtocolBuffer.framework/Versions/A/ProtocolBuffer
0x00007ff828c86000 	/System/Library/PrivateFrameworks/SymptomDiagnosticReporter.framework/Versions/A/SymptomDiagnosticReporter
0x00007ff820911000 	/System/Library/PrivateFrameworks/CrashReporterSupport.framework/Versions/A/CrashReporterSupport
0x00007ff815361000 	/usr/lib/libMobileGestalt.dylib
0x00007ff81eac1000 	/System/Library/PrivateFrameworks/AppleFSCompression.framework/Versions/A/AppleFSCompression
0x00007ff81e1d6000 	/usr/lib/libcoretls.dylib
0x00007ff82063f000 	/usr/lib/libcoretls_cfhelpers.dylib
0x00007ff81f297000 	/usr/lib/libpam.2.dylib
0x00007ff8206bc000 	/usr/lib/libxar.1.dylib
0x00007ff820641000 	/System/Library/PrivateFrameworks/APFS.framework/Versions/A/APFS
0x00007ffd26ae5000 	/System/Library/PrivateFrameworks/SwiftASN1Internal.framework/Versions/A/SwiftASN1Internal
0x00007ff8206ca000 	/usr/lib/libutil.dylib
0x00007ff81cab0000 	/System/Library/PrivateFrameworks/AppleSystemInfo.framework/Versions/A/AppleSystemInfo
0x00007ff81deb8000 	/System/Library/PrivateFrameworks/IOMobileFramebuffer.framework/Versions/A/IOMobileFramebuffer
0x00007ff81b66d000 	/System/Library/Frameworks/IOSurface.framework/Versions/A/IOSurface
0x00007ff82b981000 	/System/Library/PrivateFrameworks/CoreWiFi.framework/Versions/A/CoreWiFi
0x00007ff91a62f000 	/System/Library/PrivateFrameworks/LoggingSupport.framework/Versions/A/LoggingSupport
0x00007ff823904000 	/System/Library/PrivateFrameworks/MobileAsset.framework/Versions/A/MobileAsset
0x00007ff828c95000 	/System/Library/PrivateFrameworks/PowerLog.framework/Versions/A/PowerLog
0x00007ff82a4c2000 	/System/Library/PrivateFrameworks/Rapport.framework/Versions/A/Rapport
0x00007ffb24515000 	/System/Library/Frameworks/SwiftData.framework/Versions/A/SwiftData
0x00007ff81499e000 	/System/Library/Frameworks/UniformTypeIdentifiers.framework/Versions/A/UniformTypeIdentifiers
0x00007ff819c03000 	/System/Library/PrivateFrameworks/UserManagement.framework/Versions/A/UserManagement
0x00007ff814ec6000 	/usr/lib/libboringssl.dylib
0x00007ff8171b4000 	/usr/lib/libdns_services.dylib
0x00007ff9196ce000 	/usr/lib/libquic.dylib
0x00007ff822ba3000 	/usr/lib/libusrtcp.dylib
0x00007ffb2be83000 	/System/Library/PrivateFrameworks/AtomicsInternal.framework/Versions/A/AtomicsInternal
0x00007ffa21591000 	/System/Library/PrivateFrameworks/InternalSwiftProtobuf.framework/Versions/A/InternalSwiftProtobuf
0x00007ffe1810d000 	/usr/lib/swift/libswiftDistributed.dylib
0x00007ffe18131000 	/usr/lib/swift/libswiftObservation.dylib
0x00007ffe1829b000 	/usr/lib/swift/libswiftSynchronization.dylib
0x00007ff81caaf000 	/System/Library/PrivateFrameworks/AggregateDictionary.framework/Versions/A/AggregateDictionary
0x00007ffc0c448000 	/System/Library/PrivateFrameworks/BiomeLibrary.framework/Versions/A/BiomeLibrary
0x00007ff929a46000 	/System/Library/PrivateFrameworks/BiomeStreams.framework/Versions/A/BiomeStreams
0x00007ff925839000 	/System/Library/PrivateFrameworks/BiomeFoundation.framework/Versions/A/BiomeFoundation
0x00007ffa10618000 	/System/Library/PrivateFrameworks/BiomePubSub.framework/Versions/A/BiomePubSub
0x00007ff8168ac000 	/System/Library/Frameworks/CoreData.framework/Versions/A/CoreData
0x00007ff82db1f000 	/System/Library/PrivateFrameworks/ProactiveSupport.framework/Versions/A/ProactiveSupport
0x00007ffb26309000 	/System/Library/Frameworks/_LocationEssentials.framework/Versions/A/_LocationEssentials
0x00007ff820620000 	/usr/lib/liblzma.5.dylib
0x00007ff827e22000 	/System/Library/Frameworks/Accelerate.framework/Versions/A/Accelerate
0x00007ff81e0dd000 	/System/Library/PrivateFrameworks/MobileKeyBag.framework/Versions/A/MobileKeyBag
0x00007ff82c53e000 	/System/Library/PrivateFrameworks/InternationalTextSearch.framework/Versions/A/InternationalTextSearch
0x00007ff921fc9000 	/System/Library/PrivateFrameworks/SoftwareUpdateCoreSupport.framework/Versions/A/SoftwareUpdateCoreSupport
0x00007ff92a3f0000 	/System/Library/PrivateFrameworks/SoftwareUpdateCoreConnect.framework/Versions/A/SoftwareUpdateCoreConnect
0x00007ff82c0e1000 	/System/Library/PrivateFrameworks/RemoteServiceDiscovery.framework/Versions/A/RemoteServiceDiscovery
0x00007ff921b91000 	/System/Library/PrivateFrameworks/MSUDataAccessor.framework/Versions/A/MSUDataAccessor
0x00007ff91c9bd000 	/usr/lib/libbootpolicy.dylib
0x00007ff82c0f8000 	/System/Library/PrivateFrameworks/RemoteXPC.framework/Versions/A/RemoteXPC
0x00007ff9298f5000 	/usr/lib/libFDR.dylib
0x00007ffa10243000 	/usr/lib/libamsupport.dylib
0x00007ffb2a801000 	/System/Library/PrivateFrameworks/AppleDeviceQuerySupport.framework/Versions/A/AppleDeviceQuerySupport
0x00007ffa133ed000 	/usr/lib/libpartition2_dynamic.dylib
0x00007ff81f231000 	/System/Library/PrivateFrameworks/AppleSauce.framework/Versions/A/AppleSauce
0x00007ffe163bf000 	/usr/lib/libAppleArchive.dylib
0x00007ff81eacc000 	/usr/lib/libbz2.1.0.dylib
0x00007ff818be6000 	/System/Library/Frameworks/Accelerate.framework/Versions/A/Frameworks/vImage.framework/Versions/A/vImage
0x00007ff827b80000 	/System/Library/Frameworks/Accelerate.framework/Versions/A/Frameworks/vecLib.framework/Versions/A/vecLib
0x00007ff8206fe000 	/System/Library/Frameworks/Accelerate.framework/Versions/A/Frameworks/vecLib.framework/Versions/A/libvMisc.dylib
0x00007ff80fae4000 	/System/Library/Frameworks/Accelerate.framework/Versions/A/Frameworks/vecLib.framework/Versions/A/libBLAS.dylib
0x00007ff82c53d000 	/System/Library/Frameworks/ApplicationServices.framework/Versions/A/ApplicationServices
0x00007ff819b4f000 	/System/Library/Frameworks/CoreVideo.framework/Versions/A/CoreVideo
0x00007ff81628c000 	/System/Library/Frameworks/ColorSync.framework/Versions/A/ColorSync
0x00007ff811a71000 	/System/Library/Frameworks/CoreText.framework/Versions/A/CoreText
0x00007ff81c149000 	/System/Library/Frameworks/ImageIO.framework/Versions/A/ImageIO
0x00007ff8234bf000 	/System/Library/Frameworks/ApplicationServices.framework/Versions/A/Frameworks/ATS.framework/Versions/A/ATS
0x00007ff816434000 	/System/Library/Frameworks/ApplicationServices.framework/Versions/A/Frameworks/HIServices.framework/Versions/A/HIServices
0x00007ff821b9a000 	/System/Library/Frameworks/ApplicationServices.framework/Versions/A/Frameworks/PrintCore.framework/Versions/A/PrintCore
0x00007ff823876000 	/System/Library/Frameworks/ApplicationServices.framework/Versions/A/Frameworks/QD.framework/Versions/A/QD
0x00007ff823872000 	/System/Library/Frameworks/ApplicationServices.framework/Versions/A/Frameworks/ColorSyncLegacy.framework/Versions/A/ColorSyncLegacy
0x00007ff823494000 	/System/Library/Frameworks/ApplicationServices.framework/Versions/A/Frameworks/SpeechSynthesis.framework/Versions/A/SpeechSynthesis
0x00007ff815417000 	/System/Library/PrivateFrameworks/SkyLight.framework/Versions/A/SkyLight
0x00007ff81bb4a000 	/System/Library/PrivateFrameworks/FontServices.framework/libFontParser.dylib
0x00007ff816fe8000 	/System/Library/PrivateFrameworks/BaseBoard.framework/Versions/A/BaseBoard
0x00007ff829f33000 	/System/Library/PrivateFrameworks/BoardServices.framework/Versions/A/BoardServices
0x00007ff82be16000 	/System/Library/PrivateFrameworks/BackBoardServices.framework/Versions/A/BackBoardServices
0x00007ffc0c35a000 	/System/Library/PrivateFrameworks/BackBoardHIDEventFoundation.framework/Versions/A/BackBoardHIDEventFoundation
0x00007ff81157b000 	/System/Library/Frameworks/CoreDisplay.framework/Versions/A/CoreDisplay
0x00007ff8213cd000 	/System/Library/Frameworks/VideoToolbox.framework/Versions/A/VideoToolbox
0x00007ff81f295000 	/System/Library/Frameworks/MetalPerformanceShaders.framework/Versions/A/MetalPerformanceShaders
0x00007ffd1a736000 	/System/Library/PrivateFrameworks/ProDisplayLibrary.framework/Versions/A/ProDisplayLibrary
0x00007ff90d334000 	/System/Library/PrivateFrameworks/IOSurfaceAccelerator.framework/Versions/A/IOSurfaceAccelerator
0x00007ff81b691000 	/System/Library/Frameworks/Metal.framework/Versions/A/Metal
0x00007ff81b688000 	/System/Library/PrivateFrameworks/IOAccelerator.framework/Versions/A/IOAccelerator
0x00007ff81b9a2000 	/System/Library/Frameworks/CoreMedia.framework/Versions/A/CoreMedia
0x00007ff8153f5000 	/System/Library/PrivateFrameworks/TCC.framework/Versions/A/TCC
0x00007ff821386000 	/System/Library/PrivateFrameworks/WatchdogClient.framework/Versions/A/WatchdogClient
0x00007ff8192b4000 	/System/Library/Frameworks/QuartzCore.framework/Versions/A/QuartzCore
0x00007ff821388000 	/System/Library/PrivateFrameworks/MultitouchSupport.framework/Versions/A/MultitouchSupport
0x00007ffa131e2000 	/usr/lib/swift/libswiftAccelerate.dylib
0x00007ff91a74d000 	/usr/lib/swift/libswiftCoreAudio.dylib
0x00007ffa17220000 	/usr/lib/swift/libswiftCoreMedia.dylib
0x00007ff928a2a000 	/usr/lib/swift/libswiftMetal.dylib
0x00007ffa18a10000 	/usr/lib/swift/libswiftOSLog.dylib
0x00007ffa0e6a1000 	/usr/lib/swift/libswiftQuartzCore.dylib
0x00007ffa131d3000 	/usr/lib/swift/libswiftUniformTypeIdentifiers.dylib
0x00007ffe182c6000 	/usr/lib/swift/libswiftVideoToolbox.dylib
0x00007ff91e49c000 	/usr/lib/swift/libswiftsimd.dylib
0x00007ffa1067b000 	/System/Library/PrivateFrameworks/BiomeStorage.framework/Versions/A/BiomeStorage
0x00007ffc27246000 	/System/Library/PrivateFrameworks/IntelligencePlatformLibrary.framework/Versions/A/IntelligencePlatformLibrary
0x00007ffd19718000 	/System/Library/PrivateFrameworks/PoirotSchematizer.framework/Versions/A/PoirotSchematizer
0x00007ffc0ce18000 	/System/Library/PrivateFrameworks/BiomeSync.framework/Versions/A/BiomeSync
0x00007ffc0c42f000 	/System/Library/PrivateFrameworks/BiomeDSL.framework/Versions/A/BiomeDSL
0x00007ffa28fb0000 	/System/Library/PrivateFrameworks/FeatureFlags.framework/Versions/A/FeatureFlags
0x00007ffd1978d000 	/System/Library/PrivateFrameworks/PoirotUDFs.framework/Versions/A/PoirotUDFs
0x00007ffe18351000 	/usr/lib/swift/libswift_DarwinFoundation2.dylib
0x00007ffe18352000 	/usr/lib/swift/libswift_DarwinFoundation3.dylib
0x00007ff82a4b8000 	/System/Library/PrivateFrameworks/CoreTime.framework/Versions/A/CoreTime
0x00007ff81f0de000 	/usr/lib/libiconv.2.dylib
0x00007ff81f03a000 	/usr/lib/libcharset.1.dylib
0x00007ffd196e3000 	/System/Library/PrivateFrameworks/PoirotSQLite.framework/Versions/A/PoirotSQLite
0x00007ffe18353000 	/usr/lib/swift/libswift_RegexParser.dylib
0x00007ffc0e277000 	/System/Library/PrivateFrameworks/CascadeSets.framework/Versions/A/CascadeSets
0x00007ff823a7e000 	/System/Library/PrivateFrameworks/CorePhoneNumbers.framework/Versions/A/CorePhoneNumbers
0x00007ff821170000 	/System/Library/PrivateFrameworks/AppleJPEG.framework/Versions/A/AppleJPEG
0x00007ff820b74000 	/usr/lib/libexpat.1.dylib
0x00007ff821a64000 	/System/Library/Frameworks/ImageIO.framework/Versions/A/Resources/libPng.dylib
0x00007ff821a92000 	/System/Library/Frameworks/ImageIO.framework/Versions/A/Resources/libTIFF.dylib
0x00007ff821b83000 	/System/Library/Frameworks/ImageIO.framework/Versions/A/Resources/libGIF.dylib
0x00007ff8211bc000 	/System/Library/Frameworks/ImageIO.framework/Versions/A/Resources/libJP2.dylib
0x00007ff820872000 	/usr/lib/libate.dylib
0x00007ff821b24000 	/System/Library/Frameworks/ImageIO.framework/Versions/A/Resources/libJPEG.dylib
0x00007ff821b1b000 	/System/Library/Frameworks/ImageIO.framework/Versions/A/Resources/libRadiance.dylib
0x00007ffc1dd05000 	/System/Library/PrivateFrameworks/GPUCompiler.framework/Versions/32023/Libraries/libllvm-flatbuffers.dylib
0x00007ffc185ef000 	/System/Library/PrivateFrameworks/FramePacing.framework/Versions/A/FramePacing
0x00007ffb1a7b0000 	/System/Library/Frameworks/OpenGL.framework/Versions/A/Libraries/libCoreFSCache.dylib
0x00007ffc19556000 	/System/Library/PrivateFrameworks/GPUCompiler.framework/Versions/32023/Libraries/libGPUCompilerUtils.dylib
0x00007ff829fff000 	/System/Library/PrivateFrameworks/GraphicsServices.framework/Versions/A/GraphicsServices
0x00007ffb1a7bd000 	/System/Library/Frameworks/OpenGL.framework/Versions/A/OpenGL
0x00007ffb1a80e000 	/System/Library/Frameworks/OpenGL.framework/Versions/A/Libraries/libGLU.dylib
0x00007ffb1a7d0000 	/System/Library/Frameworks/OpenGL.framework/Versions/A/Libraries/libGFXShared.dylib
0x00007ffb1a9cf000 	/System/Library/Frameworks/OpenGL.framework/Versions/A/Libraries/libGL.dylib
0x00007ffb1a7d9000 	/System/Library/Frameworks/OpenGL.framework/Versions/A/Libraries/libGLImage.dylib
0x00007ffb1a7cd000 	/System/Library/Frameworks/OpenGL.framework/Versions/A/Libraries/libCVMSPluginSupport.dylib
0x00007ffb1a7b8000 	/System/Library/Frameworks/OpenGL.framework/Versions/A/Libraries/libCoreVMClient.dylib
0x00007ff821b14000 	/System/Library/PrivateFrameworks/GPUWrangler.framework/Versions/A/GPUWrangler
0x00007ff821af8000 	/System/Library/PrivateFrameworks/IOPresentment.framework/Versions/A/IOPresentment
0x00007ff821b1e000 	/System/Library/PrivateFrameworks/DSExternalDisplay.framework/Versions/A/DSExternalDisplay
0x00007ffe0e5bb000 	/System/Library/PrivateFrameworks/VideoToolboxParavirtualizationSupport.framework/Versions/A/VideoToolboxParavirtualizationSupport
0x00007ff820b27000 	/System/Library/PrivateFrameworks/AppleVA.framework/Versions/A/AppleVA
0x00007ffb1f182000 	/System/Library/Frameworks/ExtensionFoundation.framework/Versions/A/ExtensionFoundation
0x00007ff821b89000 	/System/Library/PrivateFrameworks/CMCaptureCore.framework/Versions/A/CMCaptureCore
0x00007ff820e09000 	/usr/lib/libspindump.dylib
0x00007ff811cac000 	/System/Library/Frameworks/CoreAudio.framework/Versions/A/CoreAudio
0x00007ff820dfb000 	/System/Library/PrivateFrameworks/AppServerSupport.framework/Versions/A/AppServerSupport
0x00007ff823880000 	/System/Library/PrivateFrameworks/perfdata.framework/Versions/A/perfdata
0x00007ff8116a4000 	/System/Library/PrivateFrameworks/AudioToolboxCore.framework/Versions/A/AudioToolboxCore
0x00007ff81b97d000 	/System/Library/PrivateFrameworks/caulk.framework/Versions/A/caulk
0x00007ff82347b000 	/usr/lib/libAudioStatistics.dylib
0x00007ff9197b6000 	/System/Library/PrivateFrameworks/SystemPolicy.framework/Versions/A/SystemPolicy
0x00007ff823723000 	/usr/lib/libSMC.dylib
0x00007ff9213df000 	/usr/lib/swift/libswiftCoreMIDI.dylib
0x00007ff90c750000 	/System/Library/Frameworks/CoreMIDI.framework/Versions/A/CoreMIDI
0x00007ff821a42000 	/usr/lib/libAudioToolboxUtility.dylib
0x00007ff82388e000 	/usr/lib/libperfcheck.dylib
0x00007ffb2bf48000 	/System/Library/PrivateFrameworks/AudioAnalytics.framework/Versions/A/AudioAnalytics
0x00007ffa21287000 	/System/Library/Frameworks/OSLog.framework/Versions/A/OSLog
0x00007ffd157f5000 	/System/Library/PrivateFrameworks/OSEligibility.framework/Versions/A/OSEligibility
0x00007ff820bfa000 	/System/Library/PrivateFrameworks/IconServices.framework/Versions/A/IconServices
0x00007ffb20336000 	/System/Library/Frameworks/LightweightCodeRequirements.framework/Versions/A/LightweightCodeRequirements
0x00007ff820a62000 	/System/Library/PrivateFrameworks/PlugInKit.framework/Versions/A/PlugInKit
0x00007ff81e0f3000 	/System/Library/PrivateFrameworks/AssertionServices.framework/Versions/A/AssertionServices
0x00007ff820b99000 	/System/Library/PrivateFrameworks/IconFoundation.framework/Versions/A/IconFoundation
0x00007ffc243d9000 	/System/Library/PrivateFrameworks/IconRendering.framework/Versions/A/IconRendering
0x00007ff8196e8000 	/System/Library/PrivateFrameworks/CoreUI.framework/Versions/A/CoreUI
0x00007ff81c48f000 	/System/Library/Frameworks/CoreImage.framework/Versions/A/CoreImage
0x00007ffd1c645000 	/System/Library/PrivateFrameworks/SFSymbols.framework/Versions/A/SFSymbols
0x00007ffb1f05f000 	/System/Library/Frameworks/DeveloperToolsSupport.framework/Versions/A/DeveloperToolsSupport
0x00007ff911a3e000 	/System/Library/PrivateFrameworks/RenderBox.framework/Versions/A/RenderBox
0x00007ff81c10e000 	/System/Library/PrivateFrameworks/CoreSVG.framework/Versions/A/CoreSVG
0x00007ff821c0d000 	/System/Library/PrivateFrameworks/TextureIO.framework/Versions/A/TextureIO
0x00007ff91a7bb000 	/usr/lib/swift/libswiftCoreImage.dylib
0x00007ffb1be21000 	/System/Library/Frameworks/OpenCL.framework/Versions/A/OpenCL
0x00007ff820da4000 	/System/Library/PrivateFrameworks/GraphVisualizer.framework/Versions/A/GraphVisualizer
0x00007ffc184fa000 	/System/Library/PrivateFrameworks/FontServices.framework/Versions/A/FontServices
0x00007ff820db7000 	/System/Library/PrivateFrameworks/OTSVG.framework/Versions/A/OTSVG
0x00007ff81969b000 	/System/Library/Frameworks/ApplicationServices.framework/Versions/A/Frameworks/ATS.framework/Versions/A/Resources/libFontRegistry.dylib
0x00007ffe174e1000 	/usr/lib/libhvf.dylib
0x00007ffd1633a000 	/System/Library/PrivateFrameworks/ParsingInternal.framework/Versions/A/ParsingInternal
0x00007ffc184fe000 	/System/Library/PrivateFrameworks/FontServices.framework/libXTFontStaticRegistryData.dylib
0x00007ff81c9e2000 	/System/Library/Frameworks/MetalPerformanceShaders.framework/Versions/A/Frameworks/MPSCore.framework/Versions/A/MPSCore
0x00007ff81ea1c000 	/System/Library/Frameworks/MetalPerformanceShaders.framework/Versions/A/Frameworks/MPSImage.framework/Versions/A/MPSImage
0x00007ff81e271000 	/System/Library/Frameworks/MetalPerformanceShaders.framework/Versions/A/Frameworks/MPSNeuralNetwork.framework/Versions/A/MPSNeuralNetwork
0x00007ff81e7ba000 	/System/Library/Frameworks/MetalPerformanceShaders.framework/Versions/A/Frameworks/MPSMatrix.framework/Versions/A/MPSMatrix
0x00007ff81e570000 	/System/Library/Frameworks/MetalPerformanceShaders.framework/Versions/A/Frameworks/MPSRayIntersector.framework/Versions/A/MPSRayIntersector
0x00007ff81e7f9000 	/System/Library/Frameworks/MetalPerformanceShaders.framework/Versions/A/Frameworks/MPSNDArray.framework/Versions/A/MPSNDArray
0x00007ffb2119c000 	/System/Library/Frameworks/MetalPerformanceShaders.framework/Versions/A/Frameworks/MPSFunctions.framework/Versions/A/MPSFunctions
0x00007ffb2117c000 	/System/Library/Frameworks/MetalPerformanceShaders.framework/Versions/A/Frameworks/MPSBenchmarkLoop.framework/Versions/A/MPSBenchmarkLoop
0x00007ffb211b1000 	/System/Library/Frameworks/MetalPerformanceShaders.framework/Versions/A/Frameworks/MPSHost.framework/Versions/A/MPSHost
0x00007ff80f8ef000 	/System/Library/PrivateFrameworks/MetalTools.framework/Versions/A/MetalTools
0x00007ff91fd04000 	/System/Library/PrivateFrameworks/IOAccelMemoryInfo.framework/Versions/A/IOAccelMemoryInfo
0x00007ffa0eaad000 	/System/Library/PrivateFrameworks/kperf.framework/Versions/A/kperf
0x00007ff91a749000 	/System/Library/PrivateFrameworks/GPURawCounter.framework/Versions/A/GPURawCounter
0x00007ffa1cabb000 	/System/Library/PrivateFrameworks/Symbolication.framework/Versions/A/Symbolication
0x00007ffd192dc000 	/System/Library/PrivateFrameworks/PhotosensitivityProcessing.framework/Versions/A/PhotosensitivityProcessing
0x00007ff82a354000 	/System/Library/PrivateFrameworks/CoreSymbolication.framework/Versions/A/CoreSymbolication
0x00007ff91a6c4000 	/System/Library/PrivateFrameworks/MallocStackLogging.framework/Versions/A/MallocStackLogging
0x00007ff82a336000 	/System/Library/PrivateFrameworks/DebugSymbols.framework/Versions/A/DebugSymbols
0x00007ffa0d2dd000 	/System/Library/PrivateFrameworks/OSAnalytics.framework/Versions/A/OSAnalytics
0x00007ffc165a5000 	/System/Library/PrivateFrameworks/DeviceRecovery.framework/Versions/A/DeviceRecovery
0x00007ff821b55000 	/System/Library/Frameworks/ApplicationServices.framework/Versions/A/Frameworks/ATSUI.framework/Versions/A/ATSUI
0x00007ff823239000 	/System/Library/Frameworks/AudioToolbox.framework/Versions/A/AudioToolbox
0x00007ff81edee000 	/System/Library/Frameworks/UserNotifications.framework/Versions/A/UserNotifications
0x00007ff920376000 	/System/Library/PrivateFrameworks/SiriInstrumentation.framework/Versions/A/SiriInstrumentation
0x00007ffd1e758000 	/System/Library/PrivateFrameworks/SiriAnalytics.framework/Versions/A/SiriAnalytics
0x00007ff91daf6000 	/System/Library/PrivateFrameworks/FeedbackLogger.framework/Versions/A/FeedbackLogger
0x00007ffa18cbc000 	/usr/lib/swift/libswiftAVFoundation.dylib
0x00007ffe0c75b000 	/System/Library/PrivateFrameworks/UnifiedAssetFramework.framework/Versions/A/UnifiedAssetFramework
0x00007ff823400000 	/System/Library/PrivateFrameworks/AudioSession.framework/Versions/A/AudioSession
0x00007ff820cbf000 	/System/Library/PrivateFrameworks/MediaExperience.framework/Versions/A/MediaExperience
0x00007ff8231ea000 	/System/Library/PrivateFrameworks/AudioSession.framework/libSessionUtility.dylib
0x00007ff828b74000 	/System/Library/Frameworks/CoreBluetooth.framework/Versions/A/CoreBluetooth
0x00007ff81df70000 	/System/Library/PrivateFrameworks/CoreUtils.framework/Versions/A/CoreUtils
0x00007ff91276d000 	/System/Library/PrivateFrameworks/HID.framework/Versions/A/HID
0x00007ffc15a16000 	/System/Library/PrivateFrameworks/CoreUtilsExtras.framework/Versions/A/CoreUtilsExtras
0x00007ffc24327000 	/System/Library/PrivateFrameworks/IO80211.framework/Versions/A/IO80211
0x00007ff8253af000 	/System/Library/Frameworks/IOBluetooth.framework/Versions/A/IOBluetooth
0x00007ff928a37000 	/usr/lib/swift/libswiftCompression.dylib
0x00007ffe1814d000 	/usr/lib/swift/libswiftRegexBuilder.dylib
0x00007ff820908000 	/usr/lib/libIOReport.dylib
0x00007ffa2902d000 	/System/Library/PrivateFrameworks/WiFiPeerToPeer.framework/Versions/A/WiFiPeerToPeer
0x00007ff81e100000 	/System/Library/Frameworks/SecurityFoundation.framework/Versions/A/SecurityFoundation
0x00007ff80fd57000 	/System/Library/PrivateFrameworks/Lexicon.framework/Versions/A/Lexicon
0x00007ffe1793e000 	/usr/lib/libmrc.dylib
0x00007ffc24399000 	/System/Library/PrivateFrameworks/IPConfiguration.framework/Versions/A/IPConfiguration
0x00007ffa1d1ee000 	/System/Library/PrivateFrameworks/Netrb.framework/Versions/A/Netrb
0x00007ff829e52000 	/System/Library/PrivateFrameworks/FrontBoardServices.framework/Versions/A/FrontBoardServices
0x00007ff81e259000 	/usr/lib/libgermantok.dylib
0x00007ff81cbc5000 	/System/Library/PrivateFrameworks/LinguisticData.framework/Versions/A/LinguisticData
0x00007ff828d77000 	/System/Library/PrivateFrameworks/MediaKit.framework/Versions/A/MediaKit
0x00007ff828cd1000 	/System/Library/Frameworks/DiscRecording.framework/Versions/A/DiscRecording
0x00007ff820b90000 	/usr/lib/libheimdal-asn1.dylib
0x00007ff82ca38000 	/System/Library/Frameworks/AudioUnit.framework/Versions/A/AudioUnit
0x00007ff8199b9000 	/System/Library/Frameworks/OpenDirectory.framework/Versions/A/OpenDirectory
0x00007ff8199c5000 	/System/Library/Frameworks/OpenDirectory.framework/Versions/A/Frameworks/CFOpenDirectory.framework/Versions/A/CFOpenDirectory
0x00007ff82570d000 	/System/Library/PrivateFrameworks/GeoServices.framework/Versions/A/GeoServices
0x00007ff8231b3000 	/System/Library/PrivateFrameworks/LocationSupport.framework/Versions/A/LocationSupport
0x00007ffc21210000 	/System/Library/PrivateFrameworks/GeoServicesCore.framework/Versions/A/GeoServicesCore
0x00007ff913607000 	/System/Library/PrivateFrameworks/PhoneNumbers.framework/Versions/A/PhoneNumbers
0x00007ffc28f17000 	/System/Library/PrivateFrameworks/LocationLogEncryption.framework/Versions/A/LocationLogEncryption
0x00007ffb1d866000 	/System/Library/Frameworks/AVFAudio.framework/Versions/A/AVFAudio
0x00007ffb1d9a2000 	/System/Library/Frameworks/AVRouting.framework/Versions/A/AVRouting
0x00007ff913700000 	/usr/lib/libAccessibility.dylib
0x00007ffc27bc6000 	/System/Library/PrivateFrameworks/IsolatedCoreAudioClient.framework/Versions/A/IsolatedCoreAudioClient
0x00007ffd2a125000 	/System/Library/PrivateFrameworks/Tightbeam.framework/Versions/A/Tightbeam
0x00007ffc119f8000 	/System/Library/PrivateFrameworks/CoreAudioOrchestration.framework/Versions/A/CoreAudioOrchestration
0x00007ffa138bf000 	/System/Library/PrivateFrameworks/AFKUser.framework/Versions/A/AFKUser
0x00007ff822091000 	/System/Library/Frameworks/MediaToolbox.framework/Versions/A/MediaToolbox
0x00007ff829254000 	/System/Library/PrivateFrameworks/CoreAVCHD.framework/Versions/A/CoreAVCHD
0x00007ff827e6f000 	/System/Library/Frameworks/MediaAccessibility.framework/Versions/A/MediaAccessibility
0x00007ff829250000 	/System/Library/PrivateFrameworks/Mangrove.framework/Versions/A/Mangrove
0x00007ffc0da0e000 	/System/Library/PrivateFrameworks/CMPhoto.framework/Versions/A/CMPhoto
0x00007ff8299fc000 	/System/Library/Frameworks/CoreTelephony.framework/Versions/A/CoreTelephony
0x00007ff82a1fd000 	/System/Library/PrivateFrameworks/AppleVPA.framework/Versions/A/AppleVPA
0x00007ff828e95000 	/System/Library/PrivateFrameworks/CoreAUC.framework/Versions/A/CoreAUC
0x00007ffb2ad08000 	/System/Library/PrivateFrameworks/AppleJPEGXL.framework/Versions/A/AppleJPEGXL
0x00007ff823a8d000 	/usr/lib/libTelephonyUtilDynamic.dylib
0x00007ffa24257000 	/System/Library/Frameworks/CryptoKit.framework/Versions/A/CryptoKit
0x00007ff82ca33000 	/System/Library/PrivateFrameworks/CryptoKitCBridging.framework/Versions/A/CryptoKitCBridging
0x00007ff82a00f000 	/System/Library/Frameworks/CryptoTokenKit.framework/Versions/A/CryptoTokenKit
0x00007ffc160c5000 	/System/Library/PrivateFrameworks/Dendrite.framework/Versions/A/Dendrite
0x00007ff91a319000 	/System/Library/Frameworks/NaturalLanguage.framework/Versions/A/NaturalLanguage
0x00007ffc20f5f000 	/System/Library/PrivateFrameworks/GenerativeModels.framework/Versions/A/GenerativeModels
0x00007ffa28fbb000 	/usr/lib/swift/libswiftNaturalLanguage.dylib
0x00007ffb2b9c6000 	/System/Library/PrivateFrameworks/AppleMobileFileIntegrity.framework/Versions/A/AppleMobileFileIntegrity
0x00007ffe16825000 	/usr/lib/libTLE.dylib
0x00007ff91a6f4000 	/usr/lib/libmis.dylib
0x00007ffb12839000 	/System/Library/PrivateFrameworks/ConfigProfileHelper.framework/Versions/A/ConfigProfileHelper
0x00007ff82cbb4000 	/System/Library/PrivateFrameworks/Espresso.framework/Versions/A/Espresso
0x00007ff81a113000 	/System/Library/Frameworks/CoreML.framework/Versions/A/CoreML
0x00007ffa27036000 	/usr/lib/libedit.3.dylib
0x00007ffb12e1d000 	/System/Library/PrivateFrameworks/ANECompiler.framework/Versions/A/ANECompiler
0x00007ff90c579000 	/System/Library/PrivateFrameworks/AppleNeuralEngine.framework/Versions/A/AppleNeuralEngine
0x00007ffc29027000 	/System/Library/PrivateFrameworks/MIL.framework/Versions/A/MIL
0x00007ffb211b8000 	/System/Library/Frameworks/MetalPerformanceShadersGraph.framework/Versions/A/MetalPerformanceShadersGraph
0x00007ffc297f9000 	/System/Library/PrivateFrameworks/MLCompilerServices.framework/Versions/A/MLCompilerServices
0x00007ff82daed000 	/System/Library/PrivateFrameworks/ANEServices.framework/Versions/A/ANEServices
0x00007ff91fcc9000 	/usr/lib/libncurses.5.4.dylib
0x00007ff812f61000 	/usr/lib/libsandbox.1.dylib
0x00007ff820aa5000 	/usr/lib/libMatch.1.dylib
0x00007ffd155b2000 	/System/Library/PrivateFrameworks/ODIE.framework/Versions/A/ODIE
0x00007ffd0f0c8000 	/System/Library/PrivateFrameworks/MLModelAsset.framework/Versions/A/MLModelAsset
0x00007ffc2979f000 	/System/Library/PrivateFrameworks/MLCompilerRuntime.framework/Versions/A/MLCompilerRuntime
0x00007ff81e5d2000 	/System/Library/Frameworks/MLCompute.framework/Versions/A/MLCompute
0x00007ffc29726000 	/System/Library/PrivateFrameworks/MLAssetIO.framework/Versions/A/MLAssetIO
0x00007ffe18124000 	/usr/lib/swift/libswiftMLCompute.dylib
0x00007ff829bfb000 	/System/Library/PrivateFrameworks/AVFCore.framework/Versions/A/AVFCore
0x00007ff910ff7000 	/System/Library/PrivateFrameworks/AVFCapture.framework/Versions/A/AVFCapture
0x00007ffc0d8b7000 	/System/Library/PrivateFrameworks/CMImaging.framework/Versions/A/CMImaging
0x00007ff911246000 	/System/Library/PrivateFrameworks/Quagga.framework/Versions/A/Quagga
0x00007ff911371000 	/System/Library/PrivateFrameworks/CMCapture.framework/Versions/A/CMCapture
0x00007ff823614000 	/System/Library/Frameworks/CoreMediaIO.framework/Versions/A/CoreMediaIO
0x00007ffc0d7ef000 	/System/Library/PrivateFrameworks/CMCaptureDevice.framework/Versions/A/CMCaptureDevice
0x00007ff820edd000 	/System/Library/PrivateFrameworks/CoreBrightness.framework/Versions/A/CoreBrightness
0x00007ffc0e73e000 	/System/Library/PrivateFrameworks/CinematicFraming.framework/Versions/A/CinematicFraming
0x00007ffd12044000 	/System/Library/PrivateFrameworks/ModelManagerServices.framework/Versions/A/ModelManagerServices
0x00007ffd27880000 	/System/Library/PrivateFrameworks/SystemStatus.framework/Versions/A/SystemStatus
0x00007ff9191b1000 	/System/Library/Frameworks/CoreMotion.framework/Versions/A/CoreMotion
0x00007ff9299bd000 	/System/Library/PrivateFrameworks/TimeSync.framework/Versions/A/TimeSync
0x00007ffc16988000 	/System/Library/PrivateFrameworks/DistributedSensing.framework/Versions/A/DistributedSensing
0x00007ff924b5b000 	/System/Library/PrivateFrameworks/MobileBluetooth.framework/Versions/A/MobileBluetooth
0x00007ff92b5ce000 	/System/Library/PrivateFrameworks/IOKitten.framework/Versions/A/IOKitten
0x00007ffb2abb0000 	/System/Library/PrivateFrameworks/AppleIntelligenceReporting.framework/Versions/A/AppleIntelligenceReporting
0x00007ff81de86000 	/System/Library/PrivateFrameworks/CoreEmoji.framework/Versions/A/CoreEmoji
0x00007ff8100b6000 	/usr/lib/libCRFSuite.dylib
0x00007ff8113d2000 	/System/Library/PrivateFrameworks/LanguageModeling.framework/Versions/A/LanguageModeling
0x00007ff81cab7000 	/System/Library/PrivateFrameworks/CoreNLP.framework/Versions/A/CoreNLP
0x00007ff816581000 	/System/Library/PrivateFrameworks/Montreal.framework/Versions/A/Montreal
0x00007ff81f0e5000 	/usr/lib/libcmph.dylib
0x00007ff81e1fe000 	/usr/lib/libmecab.dylib
0x00007ff81f229000 	/usr/lib/libThaiTokenizer.dylib
0x00007ffc2101e000 	/System/Library/PrivateFrameworks/GenerativeModelsFoundation.framework/Versions/A/GenerativeModelsFoundation
0x00007ffd2a59d000 	/System/Library/PrivateFrameworks/TokenGeneration.framework/Versions/A/TokenGeneration
0x00007ffc20e4e000 	/System/Library/PrivateFrameworks/GenerativeFunctions.framework/Versions/A/GenerativeFunctions
0x00007ffc20e91000 	/System/Library/PrivateFrameworks/GenerativeFunctionsFoundation.framework/Versions/A/GenerativeFunctionsFoundation
0x00007ffd11cf5000 	/System/Library/PrivateFrameworks/ModelCatalog.framework/Versions/A/ModelCatalog
0x00007ffd1dae7000 	/System/Library/PrivateFrameworks/SensitiveContentAnalysisML.framework/Versions/A/SensitiveContentAnalysisML
0x00007ffc20f0a000 	/System/Library/PrivateFrameworks/GenerativeFunctionsInstrumentation.framework/Versions/A/GenerativeFunctionsInstrumentation
0x00007ffd1ae0d000 	/System/Library/PrivateFrameworks/PromptKit.framework/Versions/A/PromptKit
0x00007ffd1a8d7000 	/System/Library/PrivateFrameworks/ProactiveDaemonSupport.framework/Versions/A/ProactiveDaemonSupport
0x00007ffd2a76e000 	/System/Library/PrivateFrameworks/TokenGenerationCore.framework/Versions/A/TokenGenerationCore
0x00007ff91b28d000 	/System/Library/PrivateFrameworks/Trial.framework/Versions/A/Trial
0x00007ff91b20f000 	/System/Library/PrivateFrameworks/TrialProto.framework/Versions/A/TrialProto
0x00007ffb2a869000 	/System/Library/PrivateFrameworks/AppleFlatBuffers.framework/Versions/A/AppleFlatBuffers
0x00007ffd1dd4d000 	/System/Library/PrivateFrameworks/SentencePieceInternal.framework/Versions/A/SentencePieceInternal
0x00007ff827ec3000 	/System/Library/Frameworks/Vision.framework/Versions/A/Vision
0x00007ffc1572a000 	/System/Library/PrivateFrameworks/CoreSceneUnderstanding.framework/Versions/A/CoreSceneUnderstanding
0x00007ffe0f114000 	/System/Library/PrivateFrameworks/VisionCore.framework/Versions/A/VisionCore
0x00007ff821fd5000 	/System/Library/PrivateFrameworks/DataDetectorsCore.framework/Versions/A/DataDetectorsCore
0x00007ff923899000 	/System/Library/Frameworks/Vision.framework/libfaceCore.dylib
0x00007ff9245b8000 	/System/Library/PrivateFrameworks/Futhark.framework/Versions/A/Futhark
0x00007ff9287e6000 	/System/Library/PrivateFrameworks/InertiaCam.framework/Versions/A/InertiaCam
0x00007ff924320000 	/System/Library/PrivateFrameworks/TextRecognition.framework/Versions/A/TextRecognition
0x00007ffb1f04a000 	/System/Library/Frameworks/DataDetection.framework/Versions/A/DataDetection
0x00007ff91e6e0000 	/System/Library/PrivateFrameworks/TextInput.framework/Versions/A/TextInput
0x00007ff820944000 	/System/Library/PrivateFrameworks/CVNLP.framework/Versions/A/CVNLP
0x00007ffa21764000 	/System/Library/PrivateFrameworks/HIDDisplay.framework/Versions/A/HIDDisplay
0x00007ff823804000 	/usr/lib/libcups.2.dylib
0x00007ff82389d000 	/System/Library/Frameworks/Kerberos.framework/Versions/A/Kerberos
0x00007ff823501000 	/usr/lib/libresolv.9.dylib
0x00007ff820e10000 	/System/Library/PrivateFrameworks/Heimdal.framework/Versions/A/Heimdal
0x00007ff82ca37000 	/System/Library/Frameworks/Kerberos.framework/Versions/A/Libraries/libHeimdalProxy.dylib
0x00007ff8238f5000 	/System/Library/PrivateFrameworks/CommonAuth.framework/Versions/A/CommonAuth
0x00007ff913611000 	/System/Library/PrivateFrameworks/AXCoreUtilities.framework/Versions/A/AXCoreUtilities
0x00007ff9236f4000 	/System/Library/PrivateFrameworks/AttributeGraph.framework/Versions/A/AttributeGraph
0x00007ffe1638a000 	/usr/lib/libAXSafeCategoryBundle.dylib
0x00007ffb25549000 	/System/Library/Frameworks/TabularData.framework/Versions/A/TabularData
0x00007ffb2bb67000 	/System/Library/PrivateFrameworks/ArgumentParserInternal.framework/Versions/A/ArgumentParserInternal
0x00007ff81dc96000 	/System/Library/Frameworks/Accelerate.framework/Versions/A/Frameworks/vecLib.framework/Versions/A/libvDSP.dylib
0x00007ff81f37f000 	/System/Library/Frameworks/Accelerate.framework/Versions/A/Frameworks/vecLib.framework/Versions/A/libLAPACK.dylib
0x00007ff81e25c000 	/System/Library/Frameworks/Accelerate.framework/Versions/A/Frameworks/vecLib.framework/Versions/A/libLinearAlgebra.dylib
0x00007ff81f26d000 	/System/Library/Frameworks/Accelerate.framework/Versions/A/Frameworks/vecLib.framework/Versions/A/libSparseBLAS.dylib
0x00007ff81f379000 	/System/Library/Frameworks/Accelerate.framework/Versions/A/Frameworks/vecLib.framework/Versions/A/libQuadrature.dylib
0x00007ff81cbcb000 	/System/Library/Frameworks/Accelerate.framework/Versions/A/Frameworks/vecLib.framework/Versions/A/libBNNS.dylib
0x00007ff80fe5d000 	/System/Library/Frameworks/Accelerate.framework/Versions/A/Frameworks/vecLib.framework/Versions/A/libSparse.dylib
0x00007ffb1ebee000 	/System/Library/Frameworks/CoreTransferable.framework/Versions/A/CoreTransferable
0x00007ff823867000 	/System/Library/PrivateFrameworks/NetAuth.framework/Versions/A/NetAuth
0x00007ff819bc3000 	/System/Library/PrivateFrameworks/login.framework/Versions/A/Frameworks/loginsupport.framework/Versions/A/loginsupport
0x00007ff8147b9000 	/System/Library/PrivateFrameworks/UIFoundation.framework/Versions/A/UIFoundation
0x00007ff81e1cc000 	/usr/lib/libCheckFix.dylib
0x00007ff818aeb000 	/System/Library/PrivateFrameworks/MetadataUtilities.framework/Versions/A/MetadataUtilities
0x00007ffc24d32000 	/System/Library/PrivateFrameworks/InstalledContentLibrary.framework/Versions/A/InstalledContentLibrary
0x00007ff812e43000 	/System/Library/PrivateFrameworks/CoreServicesStore.framework/Versions/A/CoreServicesStore
0x00007ff819a22000 	/usr/lib/libapp_launch_measurement.dylib
0x00007ffa0ebb7000 	/System/Library/PrivateFrameworks/MobileSystemServices.framework/Versions/A/MobileSystemServices
0x00007ff8206ce000 	/usr/lib/libxslt.1.dylib
0x00007ff81e18f000 	/System/Library/PrivateFrameworks/BackgroundTaskManagement.framework/Versions/A/BackgroundTaskManagement
0x00007ff82c1a7000 	/usr/lib/libcurl.4.dylib
0x00007ffe1728b000 	/usr/lib/libcrypto.46.dylib
0x00007ffe17e42000 	/usr/lib/libssl.48.dylib
0x00007ff82be87000 	/System/Library/Frameworks/LDAP.framework/Versions/A/LDAP
0x00007ff82bec1000 	/System/Library/PrivateFrameworks/TrustEvaluationAgent.framework/Versions/A/TrustEvaluationAgent
0x00007ff82351e000 	/usr/lib/libsasl2.2.dylib
0x00007ff90c96e000 	/System/Library/Frameworks/Cocoa.framework/Versions/A/Cocoa
0x00007ff812fbc000 	/System/Library/Frameworks/AppKit.framework/Versions/C/AppKit
0x00007ffc0f3fa000 	/System/Library/PrivateFrameworks/CollectionViewCore.framework/Versions/A/CollectionViewCore
0x00007ff81c109000 	/System/Library/PrivateFrameworks/XCTTargetBootstrap.framework/Versions/A/XCTTargetBootstrap
0x00007ff82201f000 	/System/Library/PrivateFrameworks/UserActivity.framework/Versions/A/UserActivity
0x00007ffc185fd000 	/System/Library/PrivateFrameworks/FrontBoard.framework/Versions/A/FrontBoard
0x00007ffd2bfaa000 	/System/Library/PrivateFrameworks/UIIntelligenceSupport.framework/Versions/A/UIIntelligenceSupport
0x00007ffb24674000 	/System/Library/Frameworks/SwiftUICore.framework/Versions/A/SwiftUICore
0x00007ffe125b3000 	/System/Library/PrivateFrameworks/WritingTools.framework/Versions/A/WritingTools
0x00007ffe114e6000 	/System/Library/PrivateFrameworks/WindowManagement.framework/Versions/A/WindowManagement
0x00007ffc1834f000 	/System/Library/PrivateFrameworks/FocusEngine.framework/Versions/A/FocusEngine
0x00007ffc16129000 	/System/Library/PrivateFrameworks/DesignLibrary.framework/Versions/A/DesignLibrary
0x00007ff81c0f6000 	/System/Library/PrivateFrameworks/DFRFoundation.framework/Versions/A/DFRFoundation
0x00007ffe0cec2000 	/System/Library/PrivateFrameworks/UpdateCycle.framework/Versions/A/UpdateCycle
0x00007ff81be19000 	/System/Library/Frameworks/Carbon.framework/Versions/A/Frameworks/HIToolbox.framework/Versions/A/HIToolbox
0x00007ff82778b000 	/System/Library/Frameworks/Carbon.framework/Versions/A/Frameworks/SpeechRecognition.framework/Versions/A/SpeechRecognition
0x00007ff8199ae000 	/System/Library/PrivateFrameworks/PerformanceAnalysis.framework/Versions/A/PerformanceAnalysis
0x00007ff827b20000 	/System/Library/Frameworks/Accessibility.framework/Versions/A/Accessibility
0x00007ffb25530000 	/System/Library/Frameworks/Symbols.framework/Versions/A/Symbols
0x00007ffc213e5000 	/System/Library/PrivateFrameworks/Gestures.framework/Versions/A/Gestures
0x00007ffe181ec000 	/usr/lib/swift/libswiftSpatial.dylib
0x00007ff917800000 	/usr/lib/swift/libswiftCoreGraphics.dylib
0x00007ff82852f000 	/usr/lib/swift/libswiftFoundation.dylib
0x00007ffb12206000 	/usr/lib/swift/libswiftSwiftOnoneSupport.dylib
0x00007ffe18486000 	/usr/lib/swift/libswiftsys_time.dylib
0x00007ffa1d229000 	/System/Library/PrivateFrameworks/CoreMaterial.framework/Versions/A/CoreMaterial
0x00007ffe16824000 	/usr/lib/libSpatial.dylib
0x00007ffe162a2000 	/System/Library/SubFrameworks/UIUtilities.framework/Versions/A/UIUtilities
0x0000000115800000 	/usr/local/Cellar/openjdk@17/17.0.19/libexec/openjdk.jdk/Contents/Home/lib/server/libjvm.dylib
0x000000010dc00000 	/usr/local/Cellar/openjdk@17/17.0.19/libexec/openjdk.jdk/Contents/Home/lib/libjimage.dylib
0x000000010dc38000 	/usr/local/Cellar/openjdk@17/17.0.19/libexec/openjdk.jdk/Contents/Home/lib/libjava.dylib
0x000000010ed49000 	/usr/local/Cellar/openjdk@17/17.0.19/libexec/openjdk.jdk/Contents/Home/lib/libnio.dylib
0x000000010ed61000 	/usr/local/Cellar/openjdk@17/17.0.19/libexec/openjdk.jdk/Contents/Home/lib/libnet.dylib
0x000000010dc21000 	/usr/local/Cellar/openjdk@17/17.0.19/libexec/openjdk.jdk/Contents/Home/lib/libzip.dylib
0x000000010ed7e000 	/usr/local/Cellar/openjdk@17/17.0.19/libexec/openjdk.jdk/Contents/Home/lib/libmanagement.dylib
0x000000010ed8b000 	/usr/local/Cellar/openjdk@17/17.0.19/libexec/openjdk.jdk/Contents/Home/lib/libmanagement_ext.dylib
0x000000010ed99000 	/usr/local/Cellar/openjdk@17/17.0.19/libexec/openjdk.jdk/Contents/Home/lib/libextnet.dylib
0x000000010edb6000 	/usr/local/Cellar/openjdk@17/17.0.19/libexec/openjdk.jdk/Contents/Home/lib/libverify.dylib


VM Arguments:
jvm_args: -XX:TieredStopAtLevel=1 
java_command: com.upeu.hotel.cliente.ClienteApplication
java_class_path (initial): /Users/macbook/Mi Proyecto/Hotel/services/cliente/target/classes:/Users/macbook/.m2/repository/ch/qos/logback/logback-classic/1.5.32/logback-classic-1.5.32.jar:/Users/macbook/.m2/repository/ch/qos/logback/logback-core/1.5.32/logback-core-1.5.32.jar:/Users/macbook/.m2/repository/org/apache/logging/log4j/log4j-to-slf4j/2.24.3/log4j-to-slf4j-2.24.3.jar:/Users/macbook/.m2/repository/org/apache/logging/log4j/log4j-api/2.24.3/log4j-api-2.24.3.jar:/Users/macbook/.m2/repository/org/slf4j/jul-to-slf4j/2.0.17/jul-to-slf4j-2.0.17.jar:/Users/macbook/.m2/repository/jakarta/annotation/jakarta.annotation-api/2.1.1/jakarta.annotation-api-2.1.1.jar:/Users/macbook/.m2/repository/org/yaml/snakeyaml/2.4/snakeyaml-2.4.jar:/Users/macbook/.m2/repository/org/springframework/boot/spring-boot-actuator-autoconfigure/3.5.12/spring-boot-actuator-autoconfigure-3.5.12.jar:/Users/macbook/.m2/repository/org/springframework/boot/spring-boot-actuator/3.5.12/spring-boot-actuator-3.5.12.jar:/Users/macbook/.m2/repository/io/micrometer/micrometer-observation/1.15.10/micrometer-observation-1.15.10.jar:/Users/macbook/.m2/repository/io/micrometer/micrometer-commons/1.15.10/micrometer-commons-1.15.10.jar:/Users/macbook/.m2/repository/io/micrometer/micrometer-jakarta9/1.15.10/micrometer-jakarta9-1.15.10.jar:/Users/macbook/.m2/repository/io/micrometer/micrometer-registry-prometheus/1.15.10/micrometer-registry-prometheus-1.15.10.jar:/Users/macbook/.m2/repository/io/micrometer/micrometer-core/1.15.10/micrometer-core-1.15.10.jar:/Users/macbook/.m2/repository/org/hdrhistogram/HdrHistogram/2.2.2/HdrHistogram-2.2.2.jar:/Users/macbook/.m2/repository/org/latencyutils/LatencyUtils/2.0.3/LatencyUtils-2.0.3.jar:/Users/macbook/.m2/repository/io/prometheus/prometheus-metrics-core/1.3.10/prometheus-metrics-core-1.3.10.jar:/Users/macbook/.m2/repository/io/prometheus/prometheus-metrics-model/1.3.10/prometheus-metrics-model-1.3.10.jar:/Users/macbook/.m2/repository/io/prometheus/prometheus-metrics-c
Launcher Type: SUN_STANDARD

[Global flags]
     intx CICompilerCount                          = 4                                         {product} {ergonomic}
     uint ConcGCThreads                            = 3                                         {product} {ergonomic}
     uint G1ConcRefinementThreads                  = 10                                        {product} {ergonomic}
   size_t G1HeapRegionSize                         = 2097152                                   {product} {ergonomic}
    uintx GCDrainStackTargetSize                   = 64                                        {product} {ergonomic}
   size_t InitialHeapSize                          = 268435456                                 {product} {ergonomic}
   size_t MarkStackSize                            = 4194304                                   {product} {ergonomic}
   size_t MaxHeapSize                              = 4294967296                                {product} {ergonomic}
   size_t MaxNewSize                               = 2575302656                                {product} {ergonomic}
   size_t MinHeapDeltaBytes                        = 2097152                                   {product} {ergonomic}
   size_t MinHeapSize                              = 8388608                                   {product} {ergonomic}
    uintx NonProfiledCodeHeapSize                  = 0                                      {pd product} {ergonomic}
     bool ProfileInterpreter                       = false                                  {pd product} {command line}
    uintx ProfiledCodeHeapSize                     = 0                                      {pd product} {ergonomic}
   size_t SoftMaxHeapSize                          = 4294967296                             {manageable} {ergonomic}
     intx TieredStopAtLevel                        = 1                                         {product} {command line}
     bool UseCompressedClassPointers               = true                           {product lp64_product} {ergonomic}
     bool UseCompressedOops                        = true                           {product lp64_product} {ergonomic}
     bool UseG1GC                                  = true                                      {product} {ergonomic}
     bool UseNUMA                                  = false                                     {product} {ergonomic}
     bool UseNUMAInterleaving                      = false                                     {product} {ergonomic}

Logging:
Log output configuration:
 #0: stdout all=warning uptime,level,tags
 #1: stderr all=off uptime,level,tags

Environment Variables:
JAVA_HOME=/usr/local/opt/openjdk@17/libexec/openjdk.jdk/Contents/Home
PATH=/usr/local/opt/openjdk@17/libexec/openjdk.jdk/Contents/Home/bin:/usr/local/bin:/usr/local/sbin:/System/Cryptexes/App/usr/bin:/usr/bin:/bin:/usr/sbin:/sbin:/var/run/com.apple.security.cryptexd/codex.system/bootstrap/usr/local/bin:/var/run/com.apple.security.cryptexd/codex.system/bootstrap/usr/bin:/var/run/com.apple.security.cryptexd/codex.system/bootstrap/usr/appleinternal/bin:/opt/pkg/env/active/bin:/opt/pmk/env/global/bin:/Library/Apple/usr/bin:/Applications/Cursor.app/Contents/Resources/app/resources/helpers:/usr/local/opt/openjdk@17/libexec/openjdk.jdk/Contents/Home/bin
SHELL=/bin/zsh
LANG=C.UTF-8
TERM=dumb
TMPDIR=/var/folders/vl/3snxh8qd6bb2pt9nrbgsfmh80000gn/T/

Active Locale:
LC_ALL=C.UTF-8
LC_COLLATE=C.UTF-8
LC_CTYPE=C.UTF-8
LC_MESSAGES=C.UTF-8
LC_MONETARY=C.UTF-8
LC_NUMERIC=C.UTF-8
LC_TIME=C.UTF-8

Signal Handlers:
   SIGSEGV: crash_handler in libjvm.dylib, mask=11100110000111110111111111111111, flags=SA_RESTART|SA_SIGINFO, unblocked
    SIGBUS: crash_handler in libjvm.dylib, mask=11100110000111110111111111111111, flags=SA_RESTART|SA_SIGINFO, unblocked
    SIGFPE: crash_handler in libjvm.dylib, mask=11100110000111110111111111111111, flags=SA_RESTART|SA_SIGINFO, unblocked
   SIGPIPE: javaSignalHandler in libjvm.dylib, mask=11100110000111110111111111111111, flags=SA_RESTART|SA_SIGINFO, unblocked
   SIGXFSZ: javaSignalHandler in libjvm.dylib, mask=11100110000111110111111111111111, flags=SA_RESTART|SA_SIGINFO, unblocked
    SIGILL: crash_handler in libjvm.dylib, mask=11100110000111110111111111111111, flags=SA_RESTART|SA_SIGINFO, unblocked
   SIGUSR2: SR_handler in libjvm.dylib, mask=00100000000000000000000000000000, flags=SA_RESTART|SA_SIGINFO, unblocked
    SIGHUP: UserHandler in libjvm.dylib, mask=11100110000111110111111111111111, flags=SA_RESTART|SA_SIGINFO, unblocked
    SIGINT: UserHandler in libjvm.dylib, mask=11100110000111110111111111111111, flags=SA_RESTART|SA_SIGINFO, unblocked
   SIGTERM: UserHandler in libjvm.dylib, mask=11100110000111110111111111111111, flags=SA_RESTART|SA_SIGINFO, unblocked
   SIGQUIT: UserHandler in libjvm.dylib, mask=11100110000111110111111111111111, flags=SA_RESTART|SA_SIGINFO, blocked
   SIGTRAP: crash_handler in libjvm.dylib, mask=11100110000111110111111111111111, flags=SA_RESTART|SA_SIGINFO, unblocked


Periodic native trim disabled


---------------  S Y S T E M  ---------------

OS:
uname: Darwin 25.4.0 Darwin Kernel Version 25.4.0: Thu Mar 19 19:27:54 PDT 2026; root:xnu-12377.101.15~1/RELEASE_X86_64 x86_64
OS uptime: 0 days 0:14 hours
rlimit (soft/hard): STACK 8192k/65532k , CORE 0k/infinity , NPROC 2784/4176 , NOFILE 1048576/infinity , AS infinity/infinity , CPU infinity/infinity , DATA infinity/infinity , FSIZE infinity/infinity , MEMLOCK infinity/infinity , RSS infinity/infinity
load average: 4.66 9.30 9.75

CPU: total 12 (initial active 12) (6 cores per cpu, 2 threads per core) family 6 model 158 stepping 10 microcode 0xfa, cx8, cmov, fxsr, ht, mmx, 3dnowpref, sse, sse2, sse3, ssse3, sse4.1, sse4.2, popcnt, lzcnt, tsc, tscinvbit, avx, avx2, aes, erms, clmul, bmi1, bmi2, adx, fma, vzeroupper, clflush, clflushopt
machdep.cpu.brand_string:Intel(R) Core(TM) i7-9750H CPU @ 2.60GHz
hw.cpufrequency:2600000000
hw.cpufrequency_min:2600000000
hw.cpufrequency_max:2600000000
hw.cachelinesize:64
hw.l1icachesize:32768
hw.l1dcachesize:32768
hw.l2cachesize:262144
hw.l3cachesize:12582912

Memory: 4k page, physical 16777216k(14192k free), swap 6291456k(1705984k free)

vm_info: OpenJDK 64-Bit Server VM (17.0.19+0) for bsd-amd64 JRE (17.0.19+0), built on Apr 21 2026 21:10:59 by "brew" with clang Apple LLVM 16.0.0 (clang-1600.0.26.6)

END.
